observation_date,series_id,tab_id,country_iso3,currency_iso3,label,value,unit,frequency,source_id,source_name,source_url,source_documentation_url,source_retrieved_at,transformation
1998-09-30,gha_inflation,africa,GHA,GHS,Ghana inflation,13.53851665,percent,monthly,IMF_CPI,Consumer Price Index (CPI),https://api.imf.org/external/sdmx/3.0/data/dataflow/IMF.STA/CPI/latest/,https://data.imf.org/Datasets/CPI,2026-08-31T14:35:13.815354Z,none
1998-10-31,gha_inflation,africa,GHA,GHS,Ghana inflation,14.51846088,percent,monthly,IMF_CPI,Consumer Price Index (CPI),https://api.imf.org/external/sdmx/3.0/data/dataflow/IMF.STA/CPI/latest/,https://data.imf.org/Datasets/CPI,2026-08-31T14:35:13.815354Z,none
1998-11-30,gha_inflation,africa,GHA,GHS,Ghana inflation,13.0533305,percent,monthly,IMF_CPI,Consumer Price Index (CPI),https://api.imf.org/external/sdmx/3.0/data/dataflow/IMF.STA/CPI/latest/,https://data.imf.org/Datasets/CPI,2026-08-31T14:35:13.815354Z,none
1998-12-31,gha_inflation,africa,GHA,GHS,Ghana inflation,12.28056292,percent,monthly,IMF_CPI,Consumer Price Index (CPI),https://api.imf.org/external/sdmx/3.0/data/dataflow/IMF.STA/CPI/latest/,https://data.imf.org/Datasets/CPI,2026-08-31T14:35:13.815354Z,none
1999-01-31,gha_inflation,africa,GHA,GHS,Ghana inflation,11.30843272,percent,monthly,IMF_CPI,Consumer Price Index (CPI),https://api.imf.org/external/sdmx/3.0/data/dataflow/IMF.STA/CPI/latest/,https://data.imf.org/Datasets/CPI,2026-08-31T14:35:13.815354Z,none
1999-02-28,gha_inflation,africa,GHA,GHS,Ghana inflation,7.77316616,percent,monthly,IMF_CPI,Consumer Price Index (CPI),https://api.imf.org/external/sdmx/3.0/data/dataflow/IMF.STA/CPI/latest/,https://data.imf.org/Datasets/CPI,2026-08-31T14:35:13.815354Z,none
1999-03-31,gha_inflation,africa,GHA,GHS,Ghana inflation,7.5688852,percent,monthly,IMF_CPI,Consumer Price Index (CPI),https://api.imf.org/external/sdmx/3.0/data/dataflow/IMF.STA/CPI/latest/,https://data.imf.org/Datasets/CPI,2026-08-31T14:35:13.815354Z,none
1999-04-30,gha_inflation,africa,GHA,GHS,Ghana inflation,2.85290208,percent,monthly,IMF_CPI,Consumer Price Index (CPI),https://api.imf.org/external/sdmx/3.0/data/dataflow/IMF.STA/CPI/latest/,https://data.imf.org/Datasets/CPI,2026-08-31T14:35:13.815354Z,none
1999-05-31,gha_inflation,africa,GHA,GHS,Ghana inflation,0.39036844,percent,monthly,IMF_CPI,Consumer Price Index (CPI),https://api.imf.org/external/sdmx/3.0/data/dataflow/IMF.STA/CPI/latest/,https://data.imf.org/Datasets/CPI,2026-08-31T14:35:13.815354Z,none
1999-06-30,gha_inflation,africa,GHA,GHS,Ghana inflation,0.49246857,percent,monthly,IMF_CPI,Consumer Price Index (CPI),https://api.imf.org/external/sdmx/3.0/data/dataflow/IMF.STA/CPI/latest/,https://data.imf.org/Datasets/CPI,2026-08-31T14:35:13.815354Z,none
1999-07-31,gha_inflation,africa,GHA,GHS,Ghana inflation,0.67469837,percent,monthly,IMF_CPI,Consumer Price Index (CPI),https://api.imf.org/external/sdmx/3.0/data/dataflow/IMF.STA/CPI/latest/,https://data.imf.org/Datasets/CPI,2026-08-31T14:35:13.815354Z,none
1999-08-31,gha_inflation,africa,GHA,GHS,Ghana inflation,1.40127135,percent,monthly,IMF_CPI,Consumer Price Index (CPI),https://api.imf.org/external/sdmx/3.0/data/dataflow/IMF.STA/CPI/latest/,https://data.imf.org/Datasets/CPI,2026-08-31T14:35:13.815354Z,none
1999-09-30,gha_inflation,africa,GHA,GHS,Ghana inflation,4.06898854,percent,monthly,IMF_CPI,Consumer Price Index (CPI),https://api.imf.org/external/sdmx/3.0/data/dataflow/IMF.STA/CPI/latest/,https://data.imf.org/Datasets/CPI,2026-08-31T14:35:13.815354Z,none
1999-10-31,gha_inflation,africa,GHA,GHS,Ghana inflation,5.38863053,percent,monthly,IMF_CPI,Consumer Price Index (CPI),https://api.imf.org/external/sdmx/3.0/data/dataflow/IMF.STA/CPI/latest/,https://data.imf.org/Datasets/CPI,2026-08-31T14:35:13.815354Z,none
1999-11-30,gha_inflation,africa,GHA,GHS,Ghana inflation,8.20072231,percent,monthly,IMF_CPI,Consumer Price Index (CPI),https://api.imf.org/external/sdmx/3.0/data/dataflow/IMF.STA/CPI/latest/,https://data.imf.org/Datasets/CPI,2026-08-31T14:35:13.815354Z,none
1999-12-31,gha_inflation,africa,GHA,GHS,Ghana inflation,9.14472921,percent,monthly,IMF_CPI,Consumer Price Index (CPI),https://api.imf.org/external/sdmx/3.0/data/dataflow/IMF.STA/CPI/latest/,https://data.imf.org/Datasets/CPI,2026-08-31T14:35:13.815354Z,none
2000-01-31,gha_inflation,africa,GHA,GHS,Ghana inflation,12.31217817,percent,monthly,IMF_CPI,Consumer Price Index (CPI),https://api.imf.org/external/sdmx/3.0/data/dataflow/IMF.STA/CPI/latest/,https://data.imf.org/Datasets/CPI,2026-08-31T14:35:13.815354Z,none
2000-02-29,gha_inflation,africa,GHA,GHS,Ghana inflation,16.53102905,percent,monthly,IMF_CPI,Consumer Price Index (CPI),https://api.imf.org/external/sdmx/3.0/data/dataflow/IMF.STA/CPI/latest/,https://data.imf.org/Datasets/CPI,2026-08-31T14:35:13.815354Z,none
2000-03-31,gha_inflation,africa,GHA,GHS,Ghana inflation,19.89787197,percent,monthly,IMF_CPI,Consumer Price Index (CPI),https://api.imf.org/external/sdmx/3.0/data/dataflow/IMF.STA/CPI/latest/,https://data.imf.org/Datasets/CPI,2026-08-31T14:35:13.815354Z,none
2000-04-30,gha_inflation,africa,GHA,GHS,Ghana inflation,23.40645045,percent,monthly,IMF_CPI,Consumer Price Index (CPI),https://api.imf.org/external/sdmx/3.0/data/dataflow/IMF.STA/CPI/latest/,https://data.imf.org/Datasets/CPI,2026-08-31T14:35:13.815354Z,none
2000-05-31,gha_inflation,africa,GHA,GHS,Ghana inflation,33.97257832,percent,monthly,IMF_CPI,Consumer Price Index (CPI),https://api.imf.org/external/sdmx/3.0/data/dataflow/IMF.STA/CPI/latest/,https://data.imf.org/Datasets/CPI,2026-08-31T14:35:13.815354Z,none
2000-06-30,gha_inflation,africa,GHA,GHS,Ghana inflation,39.10597631,percent,monthly,IMF_CPI,Consumer Price Index (CPI),https://api.imf.org/external/sdmx/3.0/data/dataflow/IMF.STA/CPI/latest/,https://data.imf.org/Datasets/CPI,2026-08-31T14:35:13.815354Z,none
2000-07-31,gha_inflation,africa,GHA,GHS,Ghana inflation,46.0703969,percent,monthly,IMF_CPI,Consumer Price Index (CPI),https://api.imf.org/external/sdmx/3.0/data/dataflow/IMF.STA/CPI/latest/,https://data.imf.org/Datasets/CPI,2026-08-31T14:35:13.815354Z,none
2000-08-31,gha_inflation,africa,GHA,GHS,Ghana inflation,52.46139238,percent,monthly,IMF_CPI,Consumer Price Index (CPI),https://api.imf.org/external/sdmx/3.0/data/dataflow/IMF.STA/CPI/latest/,https://data.imf.org/Datasets/CPI,2026-08-31T14:35:13.815354Z,none
2000-09-30,gha_inflation,africa,GHA,GHS,Ghana inflation,57.94325182,percent,monthly,IMF_CPI,Consumer Price Index (CPI),https://api.imf.org/external/sdmx/3.0/data/dataflow/IMF.STA/CPI/latest/,https://data.imf.org/Datasets/CPI,2026-08-31T14:35:13.815354Z,none
2000-10-31,gha_inflation,africa,GHA,GHS,Ghana inflation,60.19506288,percent,monthly,IMF_CPI,Consumer Price Index (CPI),https://api.imf.org/external/sdmx/3.0/data/dataflow/IMF.STA/CPI/latest/,https://data.imf.org/Datasets/CPI,2026-08-31T14:35:13.815354Z,none
2000-11-30,gha_inflation,africa,GHA,GHS,Ghana inflation,58.23623651,percent,monthly,IMF_CPI,Consumer Price Index (CPI),https://api.imf.org/external/sdmx/3.0/data/dataflow/IMF.STA/CPI/latest/,https://data.imf.org/Datasets/CPI,2026-08-31T14:35:13.815354Z,none
2000-12-31,gha_inflation,africa,GHA,GHS,Ghana inflation,62.21379293,percent,monthly,IMF_CPI,Consumer Price Index (CPI),https://api.imf.org/external/sdmx/3.0/data/dataflow/IMF.STA/CPI/latest/,https://data.imf.org/Datasets/CPI,2026-08-31T14:35:13.815354Z,none
2001-01-31,gha_inflation,africa,GHA,GHS,Ghana inflation,59.51329841,percent,monthly,IMF_CPI,Consumer Price Index (CPI),https://api.imf.org/external/sdmx/3.0/data/dataflow/IMF.STA/CPI/latest/,https://data.imf.org/Datasets/CPI,2026-08-31T14:35:13.815354Z,none
2001-02-28,gha_inflation,africa,GHA,GHS,Ghana inflation,60.65072377,percent,monthly,IMF_CPI,Consumer Price Index (CPI),https://api.imf.org/external/sdmx/3.0/data/dataflow/IMF.STA/CPI/latest/,https://data.imf.org/Datasets/CPI,2026-08-31T14:35:13.815354Z,none
2001-03-31,gha_inflation,africa,GHA,GHS,Ghana inflation,62.98982602,percent,monthly,IMF_CPI,Consumer Price Index (CPI),https://api.imf.org/external/sdmx/3.0/data/dataflow/IMF.STA/CPI/latest/,https://data.imf.org/Datasets/CPI,2026-08-31T14:35:13.815354Z,none
2001-04-30,gha_inflation,africa,GHA,GHS,Ghana inflation,59.63689613,percent,monthly,IMF_CPI,Consumer Price Index (CPI),https://api.imf.org/external/sdmx/3.0/data/dataflow/IMF.STA/CPI/latest/,https://data.imf.org/Datasets/CPI,2026-08-31T14:35:13.815354Z,none
2001-05-31,gha_inflation,africa,GHA,GHS,Ghana inflation,53.69654414,percent,monthly,IMF_CPI,Consumer Price Index (CPI),https://api.imf.org/external/sdmx/3.0/data/dataflow/IMF.STA/CPI/latest/,https://data.imf.org/Datasets/CPI,2026-08-31T14:35:13.815354Z,none
2001-06-30,gha_inflation,africa,GHA,GHS,Ghana inflation,48.07088951,percent,monthly,IMF_CPI,Consumer Price Index (CPI),https://api.imf.org/external/sdmx/3.0/data/dataflow/IMF.STA/CPI/latest/,https://data.imf.org/Datasets/CPI,2026-08-31T14:35:13.815354Z,none
2001-07-31,gha_inflation,africa,GHA,GHS,Ghana inflation,43.14562771,percent,monthly,IMF_CPI,Consumer Price Index (CPI),https://api.imf.org/external/sdmx/3.0/data/dataflow/IMF.STA/CPI/latest/,https://data.imf.org/Datasets/CPI,2026-08-31T14:35:13.815354Z,none
2001-08-31,gha_inflation,africa,GHA,GHS,Ghana inflation,33.89722526,percent,monthly,IMF_CPI,Consumer Price Index (CPI),https://api.imf.org/external/sdmx/3.0/data/dataflow/IMF.STA/CPI/latest/,https://data.imf.org/Datasets/CPI,2026-08-31T14:35:13.815354Z,none
2001-09-30,gha_inflation,africa,GHA,GHS,Ghana inflation,27.91864405,percent,monthly,IMF_CPI,Consumer Price Index (CPI),https://api.imf.org/external/sdmx/3.0/data/dataflow/IMF.STA/CPI/latest/,https://data.imf.org/Datasets/CPI,2026-08-31T14:35:13.815354Z,none
2001-10-31,gha_inflation,africa,GHA,GHS,Ghana inflation,26.50133921,percent,monthly,IMF_CPI,Consumer Price Index (CPI),https://api.imf.org/external/sdmx/3.0/data/dataflow/IMF.STA/CPI/latest/,https://data.imf.org/Datasets/CPI,2026-08-31T14:35:13.815354Z,none
2001-11-30,gha_inflation,africa,GHA,GHS,Ghana inflation,24.91001888,percent,monthly,IMF_CPI,Consumer Price Index (CPI),https://api.imf.org/external/sdmx/3.0/data/dataflow/IMF.STA/CPI/latest/,https://data.imf.org/Datasets/CPI,2026-08-31T14:35:13.815354Z,none
2001-12-31,gha_inflation,africa,GHA,GHS,Ghana inflation,20.94811767,percent,monthly,IMF_CPI,Consumer Price Index (CPI),https://api.imf.org/external/sdmx/3.0/data/dataflow/IMF.STA/CPI/latest/,https://data.imf.org/Datasets/CPI,2026-08-31T14:35:13.815354Z,none
2002-01-31,gha_inflation,africa,GHA,GHS,Ghana inflation,19.59055622,percent,monthly,IMF_CPI,Consumer Price Index (CPI),https://api.imf.org/external/sdmx/3.0/data/dataflow/IMF.STA/CPI/latest/,https://data.imf.org/Datasets/CPI,2026-08-31T14:35:13.815354Z,none
2002-02-28,gha_inflation,africa,GHA,GHS,Ghana inflation,14.90434551,percent,monthly,IMF_CPI,Consumer Price Index (CPI),https://api.imf.org/external/sdmx/3.0/data/dataflow/IMF.STA/CPI/latest/,https://data.imf.org/Datasets/CPI,2026-08-31T14:35:13.815354Z,none
2002-03-31,gha_inflation,africa,GHA,GHS,Ghana inflation,9.28172186,percent,monthly,IMF_CPI,Consumer Price Index (CPI),https://api.imf.org/external/sdmx/3.0/data/dataflow/IMF.STA/CPI/latest/,https://data.imf.org/Datasets/CPI,2026-08-31T14:35:13.815354Z,none
2002-04-30,gha_inflation,africa,GHA,GHS,Ghana inflation,7.44119531,percent,monthly,IMF_CPI,Consumer Price Index (CPI),https://api.imf.org/external/sdmx/3.0/data/dataflow/IMF.STA/CPI/latest/,https://data.imf.org/Datasets/CPI,2026-08-31T14:35:13.815354Z,none
2002-05-31,gha_inflation,africa,GHA,GHS,Ghana inflation,4.83330237,percent,monthly,IMF_CPI,Consumer Price Index (CPI),https://api.imf.org/external/sdmx/3.0/data/dataflow/IMF.STA/CPI/latest/,https://data.imf.org/Datasets/CPI,2026-08-31T14:35:13.815354Z,none
2002-06-30,gha_inflation,africa,GHA,GHS,Ghana inflation,3.86366239,percent,monthly,IMF_CPI,Consumer Price Index (CPI),https://api.imf.org/external/sdmx/3.0/data/dataflow/IMF.STA/CPI/latest/,https://data.imf.org/Datasets/CPI,2026-08-31T14:35:13.815354Z,none
2002-07-31,gha_inflation,africa,GHA,GHS,Ghana inflation,3.93731493,percent,monthly,IMF_CPI,Consumer Price Index (CPI),https://api.imf.org/external/sdmx/3.0/data/dataflow/IMF.STA/CPI/latest/,https://data.imf.org/Datasets/CPI,2026-08-31T14:35:13.815354Z,none
2002-08-31,gha_inflation,africa,GHA,GHS,Ghana inflation,7.84832621,percent,monthly,IMF_CPI,Consumer Price Index (CPI),https://api.imf.org/external/sdmx/3.0/data/dataflow/IMF.STA/CPI/latest/,https://data.imf.org/Datasets/CPI,2026-08-31T14:35:13.815354Z,none
2002-09-30,gha_inflation,africa,GHA,GHS,Ghana inflation,10.7415659,percent,monthly,IMF_CPI,Consumer Price Index (CPI),https://api.imf.org/external/sdmx/3.0/data/dataflow/IMF.STA/CPI/latest/,https://data.imf.org/Datasets/CPI,2026-08-31T14:35:13.815354Z,none
2002-10-31,gha_inflation,africa,GHA,GHS,Ghana inflation,9.29054308,percent,monthly,IMF_CPI,Consumer Price Index (CPI),https://api.imf.org/external/sdmx/3.0/data/dataflow/IMF.STA/CPI/latest/,https://data.imf.org/Datasets/CPI,2026-08-31T14:35:13.815354Z,none
2002-11-30,gha_inflation,africa,GHA,GHS,Ghana inflation,10.05873518,percent,monthly,IMF_CPI,Consumer Price Index (CPI),https://api.imf.org/external/sdmx/3.0/data/dataflow/IMF.STA/CPI/latest/,https://data.imf.org/Datasets/CPI,2026-08-31T14:35:13.815354Z,none
2002-12-31,gha_inflation,africa,GHA,GHS,Ghana inflation,12.04023889,percent,monthly,IMF_CPI,Consumer Price Index (CPI),https://api.imf.org/external/sdmx/3.0/data/dataflow/IMF.STA/CPI/latest/,https://data.imf.org/Datasets/CPI,2026-08-31T14:35:13.815354Z,none
2003-01-31,gha_inflation,africa,GHA,GHS,Ghana inflation,13.47681271,percent,monthly,IMF_CPI,Consumer Price Index (CPI),https://api.imf.org/external/sdmx/3.0/data/dataflow/IMF.STA/CPI/latest/,https://data.imf.org/Datasets/CPI,2026-08-31T14:35:13.815354Z,none
2003-02-28,gha_inflation,africa,GHA,GHS,Ghana inflation,25.47924719,percent,monthly,IMF_CPI,Consumer Price Index (CPI),https://api.imf.org/external/sdmx/3.0/data/dataflow/IMF.STA/CPI/latest/,https://data.imf.org/Datasets/CPI,2026-08-31T14:35:13.815354Z,none
2003-03-31,gha_inflation,africa,GHA,GHS,Ghana inflation,29.83635931,percent,monthly,IMF_CPI,Consumer Price Index (CPI),https://api.imf.org/external/sdmx/3.0/data/dataflow/IMF.STA/CPI/latest/,https://data.imf.org/Datasets/CPI,2026-08-31T14:35:13.815354Z,none
2003-04-30,gha_inflation,africa,GHA,GHS,Ghana inflation,29.3377009,percent,monthly,IMF_CPI,Consumer Price Index (CPI),https://api.imf.org/external/sdmx/3.0/data/dataflow/IMF.STA/CPI/latest/,https://data.imf.org/Datasets/CPI,2026-08-31T14:35:13.815354Z,none
2003-05-31,gha_inflation,africa,GHA,GHS,Ghana inflation,31.61483066,percent,monthly,IMF_CPI,Consumer Price Index (CPI),https://api.imf.org/external/sdmx/3.0/data/dataflow/IMF.STA/CPI/latest/,https://data.imf.org/Datasets/CPI,2026-08-31T14:35:13.815354Z,none
2003-06-30,gha_inflation,africa,GHA,GHS,Ghana inflation,32.93587979,percent,monthly,IMF_CPI,Consumer Price Index (CPI),https://api.imf.org/external/sdmx/3.0/data/dataflow/IMF.STA/CPI/latest/,https://data.imf.org/Datasets/CPI,2026-08-31T14:35:13.815354Z,none
2003-07-31,gha_inflation,africa,GHA,GHS,Ghana inflation,33.032617,percent,monthly,IMF_CPI,Consumer Price Index (CPI),https://api.imf.org/external/sdmx/3.0/data/dataflow/IMF.STA/CPI/latest/,https://data.imf.org/Datasets/CPI,2026-08-31T14:35:13.815354Z,none
2003-08-31,gha_inflation,africa,GHA,GHS,Ghana inflation,33.57910861,percent,monthly,IMF_CPI,Consumer Price Index (CPI),https://api.imf.org/external/sdmx/3.0/data/dataflow/IMF.STA/CPI/latest/,https://data.imf.org/Datasets/CPI,2026-08-31T14:35:13.815354Z,none
2003-09-30,gha_inflation,africa,GHA,GHS,Ghana inflation,29.78945053,percent,monthly,IMF_CPI,Consumer Price Index (CPI),https://api.imf.org/external/sdmx/3.0/data/dataflow/IMF.STA/CPI/latest/,https://data.imf.org/Datasets/CPI,2026-08-31T14:35:13.815354Z,none
2003-10-31,gha_inflation,africa,GHA,GHS,Ghana inflation,33.16887475,percent,monthly,IMF_CPI,Consumer Price Index (CPI),https://api.imf.org/external/sdmx/3.0/data/dataflow/IMF.STA/CPI/latest/,https://data.imf.org/Datasets/CPI,2026-08-31T14:35:13.815354Z,none
2003-11-30,gha_inflation,africa,GHA,GHS,Ghana inflation,33.63182245,percent,monthly,IMF_CPI,Consumer Price Index (CPI),https://api.imf.org/external/sdmx/3.0/data/dataflow/IMF.STA/CPI/latest/,https://data.imf.org/Datasets/CPI,2026-08-31T14:35:13.815354Z,none
2003-12-31,gha_inflation,africa,GHA,GHS,Ghana inflation,31.27419384,percent,monthly,IMF_CPI,Consumer Price Index (CPI),https://api.imf.org/external/sdmx/3.0/data/dataflow/IMF.STA/CPI/latest/,https://data.imf.org/Datasets/CPI,2026-08-31T14:35:13.815354Z,none
2004-01-31,gha_inflation,africa,GHA,GHS,Ghana inflation,28.9506135,percent,monthly,IMF_CPI,Consumer Price Index (CPI),https://api.imf.org/external/sdmx/3.0/data/dataflow/IMF.STA/CPI/latest/,https://data.imf.org/Datasets/CPI,2026-08-31T14:35:13.815354Z,none
2004-02-29,gha_inflation,africa,GHA,GHS,Ghana inflation,18.59771602,percent,monthly,IMF_CPI,Consumer Price Index (CPI),https://api.imf.org/external/sdmx/3.0/data/dataflow/IMF.STA/CPI/latest/,https://data.imf.org/Datasets/CPI,2026-08-31T14:35:13.815354Z,none
2004-03-31,gha_inflation,africa,GHA,GHS,Ghana inflation,15.61627356,percent,monthly,IMF_CPI,Consumer Price Index (CPI),https://api.imf.org/external/sdmx/3.0/data/dataflow/IMF.STA/CPI/latest/,https://data.imf.org/Datasets/CPI,2026-08-31T14:35:13.815354Z,none
2004-04-30,gha_inflation,africa,GHA,GHS,Ghana inflation,17.25870752,percent,monthly,IMF_CPI,Consumer Price Index (CPI),https://api.imf.org/external/sdmx/3.0/data/dataflow/IMF.STA/CPI/latest/,https://data.imf.org/Datasets/CPI,2026-08-31T14:35:13.815354Z,none
2004-05-31,gha_inflation,africa,GHA,GHS,Ghana inflation,17.61857657,percent,monthly,IMF_CPI,Consumer Price Index (CPI),https://api.imf.org/external/sdmx/3.0/data/dataflow/IMF.STA/CPI/latest/,https://data.imf.org/Datasets/CPI,2026-08-31T14:35:13.815354Z,none
2004-06-30,gha_inflation,africa,GHA,GHS,Ghana inflation,18.00064552,percent,monthly,IMF_CPI,Consumer Price Index (CPI),https://api.imf.org/external/sdmx/3.0/data/dataflow/IMF.STA/CPI/latest/,https://data.imf.org/Datasets/CPI,2026-08-31T14:35:13.815354Z,none
2004-07-31,gha_inflation,africa,GHA,GHS,Ghana inflation,15.03116222,percent,monthly,IMF_CPI,Consumer Price Index (CPI),https://api.imf.org/external/sdmx/3.0/data/dataflow/IMF.STA/CPI/latest/,https://data.imf.org/Datasets/CPI,2026-08-31T14:35:13.815354Z,none
2004-08-31,gha_inflation,africa,GHA,GHS,Ghana inflation,17.52832806,percent,monthly,IMF_CPI,Consumer Price Index (CPI),https://api.imf.org/external/sdmx/3.0/data/dataflow/IMF.STA/CPI/latest/,https://data.imf.org/Datasets/CPI,2026-08-31T14:35:13.815354Z,none
2004-09-30,gha_inflation,africa,GHA,GHS,Ghana inflation,19.64320432,percent,monthly,IMF_CPI,Consumer Price Index (CPI),https://api.imf.org/external/sdmx/3.0/data/dataflow/IMF.STA/CPI/latest/,https://data.imf.org/Datasets/CPI,2026-08-31T14:35:13.815354Z,none
2004-10-31,gha_inflation,africa,GHA,GHS,Ghana inflation,16.9008468,percent,monthly,IMF_CPI,Consumer Price Index (CPI),https://api.imf.org/external/sdmx/3.0/data/dataflow/IMF.STA/CPI/latest/,https://data.imf.org/Datasets/CPI,2026-08-31T14:35:13.815354Z,none
2004-11-30,gha_inflation,africa,GHA,GHS,Ghana inflation,16.51330273,percent,monthly,IMF_CPI,Consumer Price Index (CPI),https://api.imf.org/external/sdmx/3.0/data/dataflow/IMF.STA/CPI/latest/,https://data.imf.org/Datasets/CPI,2026-08-31T14:35:13.815354Z,none
2004-12-31,gha_inflation,africa,GHA,GHS,Ghana inflation,16.44095288,percent,monthly,IMF_CPI,Consumer Price Index (CPI),https://api.imf.org/external/sdmx/3.0/data/dataflow/IMF.STA/CPI/latest/,https://data.imf.org/Datasets/CPI,2026-08-31T14:35:13.815354Z,none
2005-01-31,gha_inflation,africa,GHA,GHS,Ghana inflation,16.82917058,percent,monthly,IMF_CPI,Consumer Price Index (CPI),https://api.imf.org/external/sdmx/3.0/data/dataflow/IMF.STA/CPI/latest/,https://data.imf.org/Datasets/CPI,2026-08-31T14:35:13.815354Z,none
2005-02-28,gha_inflation,africa,GHA,GHS,Ghana inflation,16.95919647,percent,monthly,IMF_CPI,Consumer Price Index (CPI),https://api.imf.org/external/sdmx/3.0/data/dataflow/IMF.STA/CPI/latest/,https://data.imf.org/Datasets/CPI,2026-08-31T14:35:13.815354Z,none
2005-03-31,gha_inflation,africa,GHA,GHS,Ghana inflation,17.78868829,percent,monthly,IMF_CPI,Consumer Price Index (CPI),https://api.imf.org/external/sdmx/3.0/data/dataflow/IMF.STA/CPI/latest/,https://data.imf.org/Datasets/CPI,2026-08-31T14:35:13.815354Z,none
2005-04-30,gha_inflation,africa,GHA,GHS,Ghana inflation,17.14404121,percent,monthly,IMF_CPI,Consumer Price Index (CPI),https://api.imf.org/external/sdmx/3.0/data/dataflow/IMF.STA/CPI/latest/,https://data.imf.org/Datasets/CPI,2026-08-31T14:35:13.815354Z,none
2005-05-31,gha_inflation,africa,GHA,GHS,Ghana inflation,14.50925025,percent,monthly,IMF_CPI,Consumer Price Index (CPI),https://api.imf.org/external/sdmx/3.0/data/dataflow/IMF.STA/CPI/latest/,https://data.imf.org/Datasets/CPI,2026-08-31T14:35:13.815354Z,none
2005-06-30,gha_inflation,africa,GHA,GHS,Ghana inflation,14.04845039,percent,monthly,IMF_CPI,Consumer Price Index (CPI),https://api.imf.org/external/sdmx/3.0/data/dataflow/IMF.STA/CPI/latest/,https://data.imf.org/Datasets/CPI,2026-08-31T14:35:13.815354Z,none
2005-07-31,gha_inflation,africa,GHA,GHS,Ghana inflation,17.33881315,percent,monthly,IMF_CPI,Consumer Price Index (CPI),https://api.imf.org/external/sdmx/3.0/data/dataflow/IMF.STA/CPI/latest/,https://data.imf.org/Datasets/CPI,2026-08-31T14:35:13.815354Z,none
2005-08-31,gha_inflation,africa,GHA,GHS,Ghana inflation,13.33033635,percent,monthly,IMF_CPI,Consumer Price Index (CPI),https://api.imf.org/external/sdmx/3.0/data/dataflow/IMF.STA/CPI/latest/,https://data.imf.org/Datasets/CPI,2026-08-31T14:35:13.815354Z,none
2005-09-30,gha_inflation,africa,GHA,GHS,Ghana inflation,14.33704794,percent,monthly,IMF_CPI,Consumer Price Index (CPI),https://api.imf.org/external/sdmx/3.0/data/dataflow/IMF.STA/CPI/latest/,https://data.imf.org/Datasets/CPI,2026-08-31T14:35:13.815354Z,none
2005-10-31,gha_inflation,africa,GHA,GHS,Ghana inflation,14.91905037,percent,monthly,IMF_CPI,Consumer Price Index (CPI),https://api.imf.org/external/sdmx/3.0/data/dataflow/IMF.STA/CPI/latest/,https://data.imf.org/Datasets/CPI,2026-08-31T14:35:13.815354Z,none
2005-11-30,gha_inflation,africa,GHA,GHS,Ghana inflation,14.65401798,percent,monthly,IMF_CPI,Consumer Price Index (CPI),https://api.imf.org/external/sdmx/3.0/data/dataflow/IMF.STA/CPI/latest/,https://data.imf.org/Datasets/CPI,2026-08-31T14:35:13.815354Z,none
2005-12-31,gha_inflation,africa,GHA,GHS,Ghana inflation,13.90775301,percent,monthly,IMF_CPI,Consumer Price Index (CPI),https://api.imf.org/external/sdmx/3.0/data/dataflow/IMF.STA/CPI/latest/,https://data.imf.org/Datasets/CPI,2026-08-31T14:35:13.815354Z,none
2006-01-31,gha_inflation,africa,GHA,GHS,Ghana inflation,12.75957959,percent,monthly,IMF_CPI,Consumer Price Index (CPI),https://api.imf.org/external/sdmx/3.0/data/dataflow/IMF.STA/CPI/latest/,https://data.imf.org/Datasets/CPI,2026-08-31T14:35:13.815354Z,none
2006-02-28,gha_inflation,africa,GHA,GHS,Ghana inflation,12.26933294,percent,monthly,IMF_CPI,Consumer Price Index (CPI),https://api.imf.org/external/sdmx/3.0/data/dataflow/IMF.STA/CPI/latest/,https://data.imf.org/Datasets/CPI,2026-08-31T14:35:13.815354Z,none
2006-03-31,gha_inflation,africa,GHA,GHS,Ghana inflation,11.28367192,percent,monthly,IMF_CPI,Consumer Price Index (CPI),https://api.imf.org/external/sdmx/3.0/data/dataflow/IMF.STA/CPI/latest/,https://data.imf.org/Datasets/CPI,2026-08-31T14:35:13.815354Z,none
2006-04-30,gha_inflation,africa,GHA,GHS,Ghana inflation,11.21217717,percent,monthly,IMF_CPI,Consumer Price Index (CPI),https://api.imf.org/external/sdmx/3.0/data/dataflow/IMF.STA/CPI/latest/,https://data.imf.org/Datasets/CPI,2026-08-31T14:35:13.815354Z,none
2006-05-31,gha_inflation,africa,GHA,GHS,Ghana inflation,11.7487548,percent,monthly,IMF_CPI,Consumer Price Index (CPI),https://api.imf.org/external/sdmx/3.0/data/dataflow/IMF.STA/CPI/latest/,https://data.imf.org/Datasets/CPI,2026-08-31T14:35:13.815354Z,none
2006-06-30,gha_inflation,africa,GHA,GHS,Ghana inflation,11.39007995,percent,monthly,IMF_CPI,Consumer Price Index (CPI),https://api.imf.org/external/sdmx/3.0/data/dataflow/IMF.STA/CPI/latest/,https://data.imf.org/Datasets/CPI,2026-08-31T14:35:13.815354Z,none
2006-07-31,gha_inflation,africa,GHA,GHS,Ghana inflation,12.90574186,percent,monthly,IMF_CPI,Consumer Price Index (CPI),https://api.imf.org/external/sdmx/3.0/data/dataflow/IMF.STA/CPI/latest/,https://data.imf.org/Datasets/CPI,2026-08-31T14:35:13.815354Z,none
2006-08-31,gha_inflation,africa,GHA,GHS,Ghana inflation,12.55668354,percent,monthly,IMF_CPI,Consumer Price Index (CPI),https://api.imf.org/external/sdmx/3.0/data/dataflow/IMF.STA/CPI/latest/,https://data.imf.org/Datasets/CPI,2026-08-31T14:35:13.815354Z,none
2006-09-30,gha_inflation,africa,GHA,GHS,Ghana inflation,11.67347423,percent,monthly,IMF_CPI,Consumer Price Index (CPI),https://api.imf.org/external/sdmx/3.0/data/dataflow/IMF.STA/CPI/latest/,https://data.imf.org/Datasets/CPI,2026-08-31T14:35:13.815354Z,none
2006-10-31,gha_inflation,africa,GHA,GHS,Ghana inflation,10.86891195,percent,monthly,IMF_CPI,Consumer Price Index (CPI),https://api.imf.org/external/sdmx/3.0/data/dataflow/IMF.STA/CPI/latest/,https://data.imf.org/Datasets/CPI,2026-08-31T14:35:13.815354Z,none
2006-11-30,gha_inflation,africa,GHA,GHS,Ghana inflation,10.70382072,percent,monthly,IMF_CPI,Consumer Price Index (CPI),https://api.imf.org/external/sdmx/3.0/data/dataflow/IMF.STA/CPI/latest/,https://data.imf.org/Datasets/CPI,2026-08-31T14:35:13.815354Z,none
2006-12-31,gha_inflation,africa,GHA,GHS,Ghana inflation,10.92322961,percent,monthly,IMF_CPI,Consumer Price Index (CPI),https://api.imf.org/external/sdmx/3.0/data/dataflow/IMF.STA/CPI/latest/,https://data.imf.org/Datasets/CPI,2026-08-31T14:35:13.815354Z,none
2007-01-31,gha_inflation,africa,GHA,GHS,Ghana inflation,10.89131493,percent,monthly,IMF_CPI,Consumer Price Index (CPI),https://api.imf.org/external/sdmx/3.0/data/dataflow/IMF.STA/CPI/latest/,https://data.imf.org/Datasets/CPI,2026-08-31T14:35:13.815354Z,none
2007-02-28,gha_inflation,africa,GHA,GHS,Ghana inflation,10.41901786,percent,monthly,IMF_CPI,Consumer Price Index (CPI),https://api.imf.org/external/sdmx/3.0/data/dataflow/IMF.STA/CPI/latest/,https://data.imf.org/Datasets/CPI,2026-08-31T14:35:13.815354Z,none
2007-03-31,gha_inflation,africa,GHA,GHS,Ghana inflation,10.19096443,percent,monthly,IMF_CPI,Consumer Price Index (CPI),https://api.imf.org/external/sdmx/3.0/data/dataflow/IMF.STA/CPI/latest/,https://data.imf.org/Datasets/CPI,2026-08-31T14:35:13.815354Z,none
2007-04-30,gha_inflation,africa,GHA,GHS,Ghana inflation,10.50042271,percent,monthly,IMF_CPI,Consumer Price Index (CPI),https://api.imf.org/external/sdmx/3.0/data/dataflow/IMF.STA/CPI/latest/,https://data.imf.org/Datasets/CPI,2026-08-31T14:35:13.815354Z,none
2007-05-31,gha_inflation,africa,GHA,GHS,Ghana inflation,11.02187942,percent,monthly,IMF_CPI,Consumer Price Index (CPI),https://api.imf.org/external/sdmx/3.0/data/dataflow/IMF.STA/CPI/latest/,https://data.imf.org/Datasets/CPI,2026-08-31T14:35:13.815354Z,none
2007-06-30,gha_inflation,africa,GHA,GHS,Ghana inflation,10.68505558,percent,monthly,IMF_CPI,Consumer Price Index (CPI),https://api.imf.org/external/sdmx/3.0/data/dataflow/IMF.STA/CPI/latest/,https://data.imf.org/Datasets/CPI,2026-08-31T14:35:13.815354Z,none
2007-07-31,gha_inflation,africa,GHA,GHS,Ghana inflation,10.14118605,percent,monthly,IMF_CPI,Consumer Price Index (CPI),https://api.imf.org/external/sdmx/3.0/data/dataflow/IMF.STA/CPI/latest/,https://data.imf.org/Datasets/CPI,2026-08-31T14:35:13.815354Z,none
2007-08-31,gha_inflation,africa,GHA,GHS,Ghana inflation,10.40846369,percent,monthly,IMF_CPI,Consumer Price Index (CPI),https://api.imf.org/external/sdmx/3.0/data/dataflow/IMF.STA/CPI/latest/,https://data.imf.org/Datasets/CPI,2026-08-31T14:35:13.815354Z,none
2007-09-30,gha_inflation,africa,GHA,GHS,Ghana inflation,10.19124063,percent,monthly,IMF_CPI,Consumer Price Index (CPI),https://api.imf.org/external/sdmx/3.0/data/dataflow/IMF.STA/CPI/latest/,https://data.imf.org/Datasets/CPI,2026-08-31T14:35:13.815354Z,none
2007-10-31,gha_inflation,africa,GHA,GHS,Ghana inflation,10.14115771,percent,monthly,IMF_CPI,Consumer Price Index (CPI),https://api.imf.org/external/sdmx/3.0/data/dataflow/IMF.STA/CPI/latest/,https://data.imf.org/Datasets/CPI,2026-08-31T14:35:13.815354Z,none
2007-11-30,gha_inflation,africa,GHA,GHS,Ghana inflation,11.40110134,percent,monthly,IMF_CPI,Consumer Price Index (CPI),https://api.imf.org/external/sdmx/3.0/data/dataflow/IMF.STA/CPI/latest/,https://data.imf.org/Datasets/CPI,2026-08-31T14:35:13.815354Z,none
2007-12-31,gha_inflation,africa,GHA,GHS,Ghana inflation,12.74842967,percent,monthly,IMF_CPI,Consumer Price Index (CPI),https://api.imf.org/external/sdmx/3.0/data/dataflow/IMF.STA/CPI/latest/,https://data.imf.org/Datasets/CPI,2026-08-31T14:35:13.815354Z,none
2008-01-31,gha_inflation,africa,GHA,GHS,Ghana inflation,12.81092383,percent,monthly,IMF_CPI,Consumer Price Index (CPI),https://api.imf.org/external/sdmx/3.0/data/dataflow/IMF.STA/CPI/latest/,https://data.imf.org/Datasets/CPI,2026-08-31T14:35:13.815354Z,none
2008-02-29,gha_inflation,africa,GHA,GHS,Ghana inflation,13.20724757,percent,monthly,IMF_CPI,Consumer Price Index (CPI),https://api.imf.org/external/sdmx/3.0/data/dataflow/IMF.STA/CPI/latest/,https://data.imf.org/Datasets/CPI,2026-08-31T14:35:13.815354Z,none
2008-03-31,gha_inflation,africa,GHA,GHS,Ghana inflation,13.78896961,percent,monthly,IMF_CPI,Consumer Price Index (CPI),https://api.imf.org/external/sdmx/3.0/data/dataflow/IMF.STA/CPI/latest/,https://data.imf.org/Datasets/CPI,2026-08-31T14:35:13.815354Z,none
2008-04-30,gha_inflation,africa,GHA,GHS,Ghana inflation,15.29356392,percent,monthly,IMF_CPI,Consumer Price Index (CPI),https://api.imf.org/external/sdmx/3.0/data/dataflow/IMF.STA/CPI/latest/,https://data.imf.org/Datasets/CPI,2026-08-31T14:35:13.815354Z,none
2008-05-31,gha_inflation,africa,GHA,GHS,Ghana inflation,16.87903173,percent,monthly,IMF_CPI,Consumer Price Index (CPI),https://api.imf.org/external/sdmx/3.0/data/dataflow/IMF.STA/CPI/latest/,https://data.imf.org/Datasets/CPI,2026-08-31T14:35:13.815354Z,none
2008-06-30,gha_inflation,africa,GHA,GHS,Ghana inflation,18.40913209,percent,monthly,IMF_CPI,Consumer Price Index (CPI),https://api.imf.org/external/sdmx/3.0/data/dataflow/IMF.STA/CPI/latest/,https://data.imf.org/Datasets/CPI,2026-08-31T14:35:13.815354Z,none
2008-07-31,gha_inflation,africa,GHA,GHS,Ghana inflation,18.31308358,percent,monthly,IMF_CPI,Consumer Price Index (CPI),https://api.imf.org/external/sdmx/3.0/data/dataflow/IMF.STA/CPI/latest/,https://data.imf.org/Datasets/CPI,2026-08-31T14:35:13.815354Z,none
2008-08-31,gha_inflation,africa,GHA,GHS,Ghana inflation,18.09928537,percent,monthly,IMF_CPI,Consumer Price Index (CPI),https://api.imf.org/external/sdmx/3.0/data/dataflow/IMF.STA/CPI/latest/,https://data.imf.org/Datasets/CPI,2026-08-31T14:35:13.815354Z,none
2008-09-30,gha_inflation,africa,GHA,GHS,Ghana inflation,17.89087223,percent,monthly,IMF_CPI,Consumer Price Index (CPI),https://api.imf.org/external/sdmx/3.0/data/dataflow/IMF.STA/CPI/latest/,https://data.imf.org/Datasets/CPI,2026-08-31T14:35:13.815354Z,none
2008-10-31,gha_inflation,africa,GHA,GHS,Ghana inflation,17.29633999,percent,monthly,IMF_CPI,Consumer Price Index (CPI),https://api.imf.org/external/sdmx/3.0/data/dataflow/IMF.STA/CPI/latest/,https://data.imf.org/Datasets/CPI,2026-08-31T14:35:13.815354Z,none
2008-11-30,gha_inflation,africa,GHA,GHS,Ghana inflation,17.4380454,percent,monthly,IMF_CPI,Consumer Price Index (CPI),https://api.imf.org/external/sdmx/3.0/data/dataflow/IMF.STA/CPI/latest/,https://data.imf.org/Datasets/CPI,2026-08-31T14:35:13.815354Z,none
2008-12-31,gha_inflation,africa,GHA,GHS,Ghana inflation,18.13340692,percent,monthly,IMF_CPI,Consumer Price Index (CPI),https://api.imf.org/external/sdmx/3.0/data/dataflow/IMF.STA/CPI/latest/,https://data.imf.org/Datasets/CPI,2026-08-31T14:35:13.815354Z,none
2009-01-31,gha_inflation,africa,GHA,GHS,Ghana inflation,19.85764574,percent,monthly,IMF_CPI,Consumer Price Index (CPI),https://api.imf.org/external/sdmx/3.0/data/dataflow/IMF.STA/CPI/latest/,https://data.imf.org/Datasets/CPI,2026-08-31T14:35:13.815354Z,none
2009-02-28,gha_inflation,africa,GHA,GHS,Ghana inflation,20.33583411,percent,monthly,IMF_CPI,Consumer Price Index (CPI),https://api.imf.org/external/sdmx/3.0/data/dataflow/IMF.STA/CPI/latest/,https://data.imf.org/Datasets/CPI,2026-08-31T14:35:13.815354Z,none
2009-03-31,gha_inflation,africa,GHA,GHS,Ghana inflation,20.52534416,percent,monthly,IMF_CPI,Consumer Price Index (CPI),https://api.imf.org/external/sdmx/3.0/data/dataflow/IMF.STA/CPI/latest/,https://data.imf.org/Datasets/CPI,2026-08-31T14:35:13.815354Z,none
2009-04-30,gha_inflation,africa,GHA,GHS,Ghana inflation,20.55970149,percent,monthly,IMF_CPI,Consumer Price Index (CPI),https://api.imf.org/external/sdmx/3.0/data/dataflow/IMF.STA/CPI/latest/,https://data.imf.org/Datasets/CPI,2026-08-31T14:35:13.815354Z,none
2009-05-31,gha_inflation,africa,GHA,GHS,Ghana inflation,20.05823666,percent,monthly,IMF_CPI,Consumer Price Index (CPI),https://api.imf.org/external/sdmx/3.0/data/dataflow/IMF.STA/CPI/latest/,https://data.imf.org/Datasets/CPI,2026-08-31T14:35:13.815354Z,none
2009-06-30,gha_inflation,africa,GHA,GHS,Ghana inflation,20.74101287,percent,monthly,IMF_CPI,Consumer Price Index (CPI),https://api.imf.org/external/sdmx/3.0/data/dataflow/IMF.STA/CPI/latest/,https://data.imf.org/Datasets/CPI,2026-08-31T14:35:13.815354Z,none
2009-07-31,gha_inflation,africa,GHA,GHS,Ghana inflation,20.49716314,percent,monthly,IMF_CPI,Consumer Price Index (CPI),https://api.imf.org/external/sdmx/3.0/data/dataflow/IMF.STA/CPI/latest/,https://data.imf.org/Datasets/CPI,2026-08-31T14:35:13.815354Z,none
2009-08-31,gha_inflation,africa,GHA,GHS,Ghana inflation,19.64762513,percent,monthly,IMF_CPI,Consumer Price Index (CPI),https://api.imf.org/external/sdmx/3.0/data/dataflow/IMF.STA/CPI/latest/,https://data.imf.org/Datasets/CPI,2026-08-31T14:35:13.815354Z,none
2009-09-30,gha_inflation,africa,GHA,GHS,Ghana inflation,18.37167947,percent,monthly,IMF_CPI,Consumer Price Index (CPI),https://api.imf.org/external/sdmx/3.0/data/dataflow/IMF.STA/CPI/latest/,https://data.imf.org/Datasets/CPI,2026-08-31T14:35:13.815354Z,none
2009-10-31,gha_inflation,africa,GHA,GHS,Ghana inflation,18.03954064,percent,monthly,IMF_CPI,Consumer Price Index (CPI),https://api.imf.org/external/sdmx/3.0/data/dataflow/IMF.STA/CPI/latest/,https://data.imf.org/Datasets/CPI,2026-08-31T14:35:13.815354Z,none
2009-11-30,gha_inflation,africa,GHA,GHS,Ghana inflation,16.91695013,percent,monthly,IMF_CPI,Consumer Price Index (CPI),https://api.imf.org/external/sdmx/3.0/data/dataflow/IMF.STA/CPI/latest/,https://data.imf.org/Datasets/CPI,2026-08-31T14:35:13.815354Z,none
2009-12-31,gha_inflation,africa,GHA,GHS,Ghana inflation,15.97328979,percent,monthly,IMF_CPI,Consumer Price Index (CPI),https://api.imf.org/external/sdmx/3.0/data/dataflow/IMF.STA/CPI/latest/,https://data.imf.org/Datasets/CPI,2026-08-31T14:35:13.815354Z,none
2010-01-31,gha_inflation,africa,GHA,GHS,Ghana inflation,14.78260288,percent,monthly,IMF_CPI,Consumer Price Index (CPI),https://api.imf.org/external/sdmx/3.0/data/dataflow/IMF.STA/CPI/latest/,https://data.imf.org/Datasets/CPI,2026-08-31T14:35:13.815354Z,none
2010-02-28,gha_inflation,africa,GHA,GHS,Ghana inflation,14.23455827,percent,monthly,IMF_CPI,Consumer Price Index (CPI),https://api.imf.org/external/sdmx/3.0/data/dataflow/IMF.STA/CPI/latest/,https://data.imf.org/Datasets/CPI,2026-08-31T14:35:13.815354Z,none
2010-03-31,gha_inflation,africa,GHA,GHS,Ghana inflation,13.32006419,percent,monthly,IMF_CPI,Consumer Price Index (CPI),https://api.imf.org/external/sdmx/3.0/data/dataflow/IMF.STA/CPI/latest/,https://data.imf.org/Datasets/CPI,2026-08-31T14:35:13.815354Z,none
2010-04-30,gha_inflation,africa,GHA,GHS,Ghana inflation,11.65850038,percent,monthly,IMF_CPI,Consumer Price Index (CPI),https://api.imf.org/external/sdmx/3.0/data/dataflow/IMF.STA/CPI/latest/,https://data.imf.org/Datasets/CPI,2026-08-31T14:35:13.815354Z,none
2010-05-31,gha_inflation,africa,GHA,GHS,Ghana inflation,10.67721853,percent,monthly,IMF_CPI,Consumer Price Index (CPI),https://api.imf.org/external/sdmx/3.0/data/dataflow/IMF.STA/CPI/latest/,https://data.imf.org/Datasets/CPI,2026-08-31T14:35:13.815354Z,none
2010-06-30,gha_inflation,africa,GHA,GHS,Ghana inflation,9.5218872,percent,monthly,IMF_CPI,Consumer Price Index (CPI),https://api.imf.org/external/sdmx/3.0/data/dataflow/IMF.STA/CPI/latest/,https://data.imf.org/Datasets/CPI,2026-08-31T14:35:13.815354Z,none
2010-07-31,gha_inflation,africa,GHA,GHS,Ghana inflation,9.45828563,percent,monthly,IMF_CPI,Consumer Price Index (CPI),https://api.imf.org/external/sdmx/3.0/data/dataflow/IMF.STA/CPI/latest/,https://data.imf.org/Datasets/CPI,2026-08-31T14:35:13.815354Z,none
2010-08-31,gha_inflation,africa,GHA,GHS,Ghana inflation,9.43841867,percent,monthly,IMF_CPI,Consumer Price Index (CPI),https://api.imf.org/external/sdmx/3.0/data/dataflow/IMF.STA/CPI/latest/,https://data.imf.org/Datasets/CPI,2026-08-31T14:35:13.815354Z,none
2010-09-30,gha_inflation,africa,GHA,GHS,Ghana inflation,9.38365266,percent,monthly,IMF_CPI,Consumer Price Index (CPI),https://api.imf.org/external/sdmx/3.0/data/dataflow/IMF.STA/CPI/latest/,https://data.imf.org/Datasets/CPI,2026-08-31T14:35:13.815354Z,none
2010-10-31,gha_inflation,africa,GHA,GHS,Ghana inflation,9.38193155,percent,monthly,IMF_CPI,Consumer Price Index (CPI),https://api.imf.org/external/sdmx/3.0/data/dataflow/IMF.STA/CPI/latest/,https://data.imf.org/Datasets/CPI,2026-08-31T14:35:13.815354Z,none
2010-11-30,gha_inflation,africa,GHA,GHS,Ghana inflation,9.07506394,percent,monthly,IMF_CPI,Consumer Price Index (CPI),https://api.imf.org/external/sdmx/3.0/data/dataflow/IMF.STA/CPI/latest/,https://data.imf.org/Datasets/CPI,2026-08-31T14:35:13.815354Z,none
2010-12-31,gha_inflation,africa,GHA,GHS,Ghana inflation,8.57880137,percent,monthly,IMF_CPI,Consumer Price Index (CPI),https://api.imf.org/external/sdmx/3.0/data/dataflow/IMF.STA/CPI/latest/,https://data.imf.org/Datasets/CPI,2026-08-31T14:35:13.815354Z,none
2011-01-31,gha_inflation,africa,GHA,GHS,Ghana inflation,9.07914685,percent,monthly,IMF_CPI,Consumer Price Index (CPI),https://api.imf.org/external/sdmx/3.0/data/dataflow/IMF.STA/CPI/latest/,https://data.imf.org/Datasets/CPI,2026-08-31T14:35:13.815354Z,none
2011-02-28,gha_inflation,africa,GHA,GHS,Ghana inflation,9.16424293,percent,monthly,IMF_CPI,Consumer Price Index (CPI),https://api.imf.org/external/sdmx/3.0/data/dataflow/IMF.STA/CPI/latest/,https://data.imf.org/Datasets/CPI,2026-08-31T14:35:13.815354Z,none
2011-03-31,gha_inflation,africa,GHA,GHS,Ghana inflation,9.1324641,percent,monthly,IMF_CPI,Consumer Price Index (CPI),https://api.imf.org/external/sdmx/3.0/data/dataflow/IMF.STA/CPI/latest/,https://data.imf.org/Datasets/CPI,2026-08-31T14:35:13.815354Z,none
2011-04-30,gha_inflation,africa,GHA,GHS,Ghana inflation,9.01904848,percent,monthly,IMF_CPI,Consumer Price Index (CPI),https://api.imf.org/external/sdmx/3.0/data/dataflow/IMF.STA/CPI/latest/,https://data.imf.org/Datasets/CPI,2026-08-31T14:35:13.815354Z,none
2011-05-31,gha_inflation,africa,GHA,GHS,Ghana inflation,8.90306243,percent,monthly,IMF_CPI,Consumer Price Index (CPI),https://api.imf.org/external/sdmx/3.0/data/dataflow/IMF.STA/CPI/latest/,https://data.imf.org/Datasets/CPI,2026-08-31T14:35:13.815354Z,none
2011-06-30,gha_inflation,africa,GHA,GHS,Ghana inflation,8.59477126,percent,monthly,IMF_CPI,Consumer Price Index (CPI),https://api.imf.org/external/sdmx/3.0/data/dataflow/IMF.STA/CPI/latest/,https://data.imf.org/Datasets/CPI,2026-08-31T14:35:13.815354Z,none
2011-07-31,gha_inflation,africa,GHA,GHS,Ghana inflation,8.39228672,percent,monthly,IMF_CPI,Consumer Price Index (CPI),https://api.imf.org/external/sdmx/3.0/data/dataflow/IMF.STA/CPI/latest/,https://data.imf.org/Datasets/CPI,2026-08-31T14:35:13.815354Z,none
2011-08-31,gha_inflation,africa,GHA,GHS,Ghana inflation,8.41119099,percent,monthly,IMF_CPI,Consumer Price Index (CPI),https://api.imf.org/external/sdmx/3.0/data/dataflow/IMF.STA/CPI/latest/,https://data.imf.org/Datasets/CPI,2026-08-31T14:35:13.815354Z,none
2011-09-30,gha_inflation,africa,GHA,GHS,Ghana inflation,8.3960205,percent,monthly,IMF_CPI,Consumer Price Index (CPI),https://api.imf.org/external/sdmx/3.0/data/dataflow/IMF.STA/CPI/latest/,https://data.imf.org/Datasets/CPI,2026-08-31T14:35:13.815354Z,none
2011-10-31,gha_inflation,africa,GHA,GHS,Ghana inflation,8.55715229,percent,monthly,IMF_CPI,Consumer Price Index (CPI),https://api.imf.org/external/sdmx/3.0/data/dataflow/IMF.STA/CPI/latest/,https://data.imf.org/Datasets/CPI,2026-08-31T14:35:13.815354Z,none
2011-11-30,gha_inflation,africa,GHA,GHS,Ghana inflation,8.54732992,percent,monthly,IMF_CPI,Consumer Price Index (CPI),https://api.imf.org/external/sdmx/3.0/data/dataflow/IMF.STA/CPI/latest/,https://data.imf.org/Datasets/CPI,2026-08-31T14:35:13.815354Z,none
2011-12-31,gha_inflation,africa,GHA,GHS,Ghana inflation,8.580118,percent,monthly,IMF_CPI,Consumer Price Index (CPI),https://api.imf.org/external/sdmx/3.0/data/dataflow/IMF.STA/CPI/latest/,https://data.imf.org/Datasets/CPI,2026-08-31T14:35:13.815354Z,none
2012-01-31,gha_inflation,africa,GHA,GHS,Ghana inflation,8.73109578,percent,monthly,IMF_CPI,Consumer Price Index (CPI),https://api.imf.org/external/sdmx/3.0/data/dataflow/IMF.STA/CPI/latest/,https://data.imf.org/Datasets/CPI,2026-08-31T14:35:13.815354Z,none
2012-02-29,gha_inflation,africa,GHA,GHS,Ghana inflation,9.28739289,percent,monthly,IMF_CPI,Consumer Price Index (CPI),https://api.imf.org/external/sdmx/3.0/data/dataflow/IMF.STA/CPI/latest/,https://data.imf.org/Datasets/CPI,2026-08-31T14:35:13.815354Z,none
2012-03-31,gha_inflation,africa,GHA,GHS,Ghana inflation,10.13770983,percent,monthly,IMF_CPI,Consumer Price Index (CPI),https://api.imf.org/external/sdmx/3.0/data/dataflow/IMF.STA/CPI/latest/,https://data.imf.org/Datasets/CPI,2026-08-31T14:35:13.815354Z,none
2012-04-30,gha_inflation,africa,GHA,GHS,Ghana inflation,10.67574488,percent,monthly,IMF_CPI,Consumer Price Index (CPI),https://api.imf.org/external/sdmx/3.0/data/dataflow/IMF.STA/CPI/latest/,https://data.imf.org/Datasets/CPI,2026-08-31T14:35:13.815354Z,none
2012-05-31,gha_inflation,africa,GHA,GHS,Ghana inflation,11.36360359,percent,monthly,IMF_CPI,Consumer Price Index (CPI),https://api.imf.org/external/sdmx/3.0/data/dataflow/IMF.STA/CPI/latest/,https://data.imf.org/Datasets/CPI,2026-08-31T14:35:13.815354Z,none
2012-06-30,gha_inflation,africa,GHA,GHS,Ghana inflation,11.9424907,percent,monthly,IMF_CPI,Consumer Price Index (CPI),https://api.imf.org/external/sdmx/3.0/data/dataflow/IMF.STA/CPI/latest/,https://data.imf.org/Datasets/CPI,2026-08-31T14:35:13.815354Z,none
2012-07-31,gha_inflation,africa,GHA,GHS,Ghana inflation,12.04106783,percent,monthly,IMF_CPI,Consumer Price Index (CPI),https://api.imf.org/external/sdmx/3.0/data/dataflow/IMF.STA/CPI/latest/,https://data.imf.org/Datasets/CPI,2026-08-31T14:35:13.815354Z,none
2012-08-31,gha_inflation,africa,GHA,GHS,Ghana inflation,11.65623694,percent,monthly,IMF_CPI,Consumer Price Index (CPI),https://api.imf.org/external/sdmx/3.0/data/dataflow/IMF.STA/CPI/latest/,https://data.imf.org/Datasets/CPI,2026-08-31T14:35:13.815354Z,none
2012-09-30,gha_inflation,africa,GHA,GHS,Ghana inflation,11.50225013,percent,monthly,IMF_CPI,Consumer Price Index (CPI),https://api.imf.org/external/sdmx/3.0/data/dataflow/IMF.STA/CPI/latest/,https://data.imf.org/Datasets/CPI,2026-08-31T14:35:13.815354Z,none
2012-10-31,gha_inflation,africa,GHA,GHS,Ghana inflation,11.77421661,percent,monthly,IMF_CPI,Consumer Price Index (CPI),https://api.imf.org/external/sdmx/3.0/data/dataflow/IMF.STA/CPI/latest/,https://data.imf.org/Datasets/CPI,2026-08-31T14:35:13.815354Z,none
2012-11-30,gha_inflation,africa,GHA,GHS,Ghana inflation,12.42740397,percent,monthly,IMF_CPI,Consumer Price Index (CPI),https://api.imf.org/external/sdmx/3.0/data/dataflow/IMF.STA/CPI/latest/,https://data.imf.org/Datasets/CPI,2026-08-31T14:35:13.815354Z,none
2012-12-31,gha_inflation,africa,GHA,GHS,Ghana inflation,12.59090115,percent,monthly,IMF_CPI,Consumer Price Index (CPI),https://api.imf.org/external/sdmx/3.0/data/dataflow/IMF.STA/CPI/latest/,https://data.imf.org/Datasets/CPI,2026-08-31T14:35:13.815354Z,none
2013-01-31,gha_inflation,africa,GHA,GHS,Ghana inflation,10.08938787,percent,monthly,IMF_CPI,Consumer Price Index (CPI),https://api.imf.org/external/sdmx/3.0/data/dataflow/IMF.STA/CPI/latest/,https://data.imf.org/Datasets/CPI,2026-08-31T14:35:13.815354Z,none
2013-02-28,gha_inflation,africa,GHA,GHS,Ghana inflation,10.39510007,percent,monthly,IMF_CPI,Consumer Price Index (CPI),https://api.imf.org/external/sdmx/3.0/data/dataflow/IMF.STA/CPI/latest/,https://data.imf.org/Datasets/CPI,2026-08-31T14:35:13.815354Z,none
2013-03-31,gha_inflation,africa,GHA,GHS,Ghana inflation,10.78123526,percent,monthly,IMF_CPI,Consumer Price Index (CPI),https://api.imf.org/external/sdmx/3.0/data/dataflow/IMF.STA/CPI/latest/,https://data.imf.org/Datasets/CPI,2026-08-31T14:35:13.815354Z,none
2013-04-30,gha_inflation,africa,GHA,GHS,Ghana inflation,10.86878325,percent,monthly,IMF_CPI,Consumer Price Index (CPI),https://api.imf.org/external/sdmx/3.0/data/dataflow/IMF.STA/CPI/latest/,https://data.imf.org/Datasets/CPI,2026-08-31T14:35:13.815354Z,none
2013-05-31,gha_inflation,africa,GHA,GHS,Ghana inflation,11.02163743,percent,monthly,IMF_CPI,Consumer Price Index (CPI),https://api.imf.org/external/sdmx/3.0/data/dataflow/IMF.STA/CPI/latest/,https://data.imf.org/Datasets/CPI,2026-08-31T14:35:13.815354Z,none
2013-06-30,gha_inflation,africa,GHA,GHS,Ghana inflation,11.62557665,percent,monthly,IMF_CPI,Consumer Price Index (CPI),https://api.imf.org/external/sdmx/3.0/data/dataflow/IMF.STA/CPI/latest/,https://data.imf.org/Datasets/CPI,2026-08-31T14:35:13.815354Z,none
2013-07-31,gha_inflation,africa,GHA,GHS,Ghana inflation,11.79398854,percent,monthly,IMF_CPI,Consumer Price Index (CPI),https://api.imf.org/external/sdmx/3.0/data/dataflow/IMF.STA/CPI/latest/,https://data.imf.org/Datasets/CPI,2026-08-31T14:35:13.815354Z,none
2013-08-31,gha_inflation,africa,GHA,GHS,Ghana inflation,11.45211756,percent,monthly,IMF_CPI,Consumer Price Index (CPI),https://api.imf.org/external/sdmx/3.0/data/dataflow/IMF.STA/CPI/latest/,https://data.imf.org/Datasets/CPI,2026-08-31T14:35:13.815354Z,none
2013-09-30,gha_inflation,africa,GHA,GHS,Ghana inflation,11.94670675,percent,monthly,IMF_CPI,Consumer Price Index (CPI),https://api.imf.org/external/sdmx/3.0/data/dataflow/IMF.STA/CPI/latest/,https://data.imf.org/Datasets/CPI,2026-08-31T14:35:13.815354Z,none
2013-10-31,gha_inflation,africa,GHA,GHS,Ghana inflation,13.08736097,percent,monthly,IMF_CPI,Consumer Price Index (CPI),https://api.imf.org/external/sdmx/3.0/data/dataflow/IMF.STA/CPI/latest/,https://data.imf.org/Datasets/CPI,2026-08-31T14:35:13.815354Z,none
2013-11-30,gha_inflation,africa,GHA,GHS,Ghana inflation,13.22078485,percent,monthly,IMF_CPI,Consumer Price Index (CPI),https://api.imf.org/external/sdmx/3.0/data/dataflow/IMF.STA/CPI/latest/,https://data.imf.org/Datasets/CPI,2026-08-31T14:35:13.815354Z,none
2013-12-31,gha_inflation,africa,GHA,GHS,Ghana inflation,13.49529018,percent,monthly,IMF_CPI,Consumer Price Index (CPI),https://api.imf.org/external/sdmx/3.0/data/dataflow/IMF.STA/CPI/latest/,https://data.imf.org/Datasets/CPI,2026-08-31T14:35:13.815354Z,none
2014-01-31,gha_inflation,africa,GHA,GHS,Ghana inflation,13.79585507,percent,monthly,IMF_CPI,Consumer Price Index (CPI),https://api.imf.org/external/sdmx/3.0/data/dataflow/IMF.STA/CPI/latest/,https://data.imf.org/Datasets/CPI,2026-08-31T14:35:13.815354Z,none
2014-02-28,gha_inflation,africa,GHA,GHS,Ghana inflation,14.03453935,percent,monthly,IMF_CPI,Consumer Price Index (CPI),https://api.imf.org/external/sdmx/3.0/data/dataflow/IMF.STA/CPI/latest/,https://data.imf.org/Datasets/CPI,2026-08-31T14:35:13.815354Z,none
2014-03-31,gha_inflation,africa,GHA,GHS,Ghana inflation,14.52159207,percent,monthly,IMF_CPI,Consumer Price Index (CPI),https://api.imf.org/external/sdmx/3.0/data/dataflow/IMF.STA/CPI/latest/,https://data.imf.org/Datasets/CPI,2026-08-31T14:35:13.815354Z,none
2014-04-30,gha_inflation,africa,GHA,GHS,Ghana inflation,14.68674671,percent,monthly,IMF_CPI,Consumer Price Index (CPI),https://api.imf.org/external/sdmx/3.0/data/dataflow/IMF.STA/CPI/latest/,https://data.imf.org/Datasets/CPI,2026-08-31T14:35:13.815354Z,none
2014-05-31,gha_inflation,africa,GHA,GHS,Ghana inflation,14.8422047,percent,monthly,IMF_CPI,Consumer Price Index (CPI),https://api.imf.org/external/sdmx/3.0/data/dataflow/IMF.STA/CPI/latest/,https://data.imf.org/Datasets/CPI,2026-08-31T14:35:13.815354Z,none
2014-06-30,gha_inflation,africa,GHA,GHS,Ghana inflation,14.99109896,percent,monthly,IMF_CPI,Consumer Price Index (CPI),https://api.imf.org/external/sdmx/3.0/data/dataflow/IMF.STA/CPI/latest/,https://data.imf.org/Datasets/CPI,2026-08-31T14:35:13.815354Z,none
2014-07-31,gha_inflation,africa,GHA,GHS,Ghana inflation,15.32475742,percent,monthly,IMF_CPI,Consumer Price Index (CPI),https://api.imf.org/external/sdmx/3.0/data/dataflow/IMF.STA/CPI/latest/,https://data.imf.org/Datasets/CPI,2026-08-31T14:35:13.815354Z,none
2014-08-31,gha_inflation,africa,GHA,GHS,Ghana inflation,15.89396633,percent,monthly,IMF_CPI,Consumer Price Index (CPI),https://api.imf.org/external/sdmx/3.0/data/dataflow/IMF.STA/CPI/latest/,https://data.imf.org/Datasets/CPI,2026-08-31T14:35:13.815354Z,none
2014-09-30,gha_inflation,africa,GHA,GHS,Ghana inflation,16.47083821,percent,monthly,IMF_CPI,Consumer Price Index (CPI),https://api.imf.org/external/sdmx/3.0/data/dataflow/IMF.STA/CPI/latest/,https://data.imf.org/Datasets/CPI,2026-08-31T14:35:13.815354Z,none
2014-10-31,gha_inflation,africa,GHA,GHS,Ghana inflation,16.93589434,percent,monthly,IMF_CPI,Consumer Price Index (CPI),https://api.imf.org/external/sdmx/3.0/data/dataflow/IMF.STA/CPI/latest/,https://data.imf.org/Datasets/CPI,2026-08-31T14:35:13.815354Z,none
2014-11-30,gha_inflation,africa,GHA,GHS,Ghana inflation,17.04803083,percent,monthly,IMF_CPI,Consumer Price Index (CPI),https://api.imf.org/external/sdmx/3.0/data/dataflow/IMF.STA/CPI/latest/,https://data.imf.org/Datasets/CPI,2026-08-31T14:35:13.815354Z,none
2014-12-31,gha_inflation,africa,GHA,GHS,Ghana inflation,16.98697531,percent,monthly,IMF_CPI,Consumer Price Index (CPI),https://api.imf.org/external/sdmx/3.0/data/dataflow/IMF.STA/CPI/latest/,https://data.imf.org/Datasets/CPI,2026-08-31T14:35:13.815354Z,none
2015-01-31,gha_inflation,africa,GHA,GHS,Ghana inflation,16.44397843,percent,monthly,IMF_CPI,Consumer Price Index (CPI),https://api.imf.org/external/sdmx/3.0/data/dataflow/IMF.STA/CPI/latest/,https://data.imf.org/Datasets/CPI,2026-08-31T14:35:13.815354Z,none
2015-02-28,gha_inflation,africa,GHA,GHS,Ghana inflation,16.50326477,percent,monthly,IMF_CPI,Consumer Price Index (CPI),https://api.imf.org/external/sdmx/3.0/data/dataflow/IMF.STA/CPI/latest/,https://data.imf.org/Datasets/CPI,2026-08-31T14:35:13.815354Z,none
2015-03-31,gha_inflation,africa,GHA,GHS,Ghana inflation,16.64173042,percent,monthly,IMF_CPI,Consumer Price Index (CPI),https://api.imf.org/external/sdmx/3.0/data/dataflow/IMF.STA/CPI/latest/,https://data.imf.org/Datasets/CPI,2026-08-31T14:35:13.815354Z,none
2015-04-30,gha_inflation,africa,GHA,GHS,Ghana inflation,16.75763988,percent,monthly,IMF_CPI,Consumer Price Index (CPI),https://api.imf.org/external/sdmx/3.0/data/dataflow/IMF.STA/CPI/latest/,https://data.imf.org/Datasets/CPI,2026-08-31T14:35:13.815354Z,none
2015-05-31,gha_inflation,africa,GHA,GHS,Ghana inflation,16.91258331,percent,monthly,IMF_CPI,Consumer Price Index (CPI),https://api.imf.org/external/sdmx/3.0/data/dataflow/IMF.STA/CPI/latest/,https://data.imf.org/Datasets/CPI,2026-08-31T14:35:13.815354Z,none
2015-06-30,gha_inflation,africa,GHA,GHS,Ghana inflation,17.07831181,percent,monthly,IMF_CPI,Consumer Price Index (CPI),https://api.imf.org/external/sdmx/3.0/data/dataflow/IMF.STA/CPI/latest/,https://data.imf.org/Datasets/CPI,2026-08-31T14:35:13.815354Z,none
2015-07-31,gha_inflation,africa,GHA,GHS,Ghana inflation,17.93839081,percent,monthly,IMF_CPI,Consumer Price Index (CPI),https://api.imf.org/external/sdmx/3.0/data/dataflow/IMF.STA/CPI/latest/,https://data.imf.org/Datasets/CPI,2026-08-31T14:35:13.815354Z,none
2015-08-31,gha_inflation,africa,GHA,GHS,Ghana inflation,17.32035195,percent,monthly,IMF_CPI,Consumer Price Index (CPI),https://api.imf.org/external/sdmx/3.0/data/dataflow/IMF.STA/CPI/latest/,https://data.imf.org/Datasets/CPI,2026-08-31T14:35:13.815354Z,none
2015-09-30,gha_inflation,africa,GHA,GHS,Ghana inflation,17.36433633,percent,monthly,IMF_CPI,Consumer Price Index (CPI),https://api.imf.org/external/sdmx/3.0/data/dataflow/IMF.STA/CPI/latest/,https://data.imf.org/Datasets/CPI,2026-08-31T14:35:13.815354Z,none
2015-10-31,gha_inflation,africa,GHA,GHS,Ghana inflation,17.38489668,percent,monthly,IMF_CPI,Consumer Price Index (CPI),https://api.imf.org/external/sdmx/3.0/data/dataflow/IMF.STA/CPI/latest/,https://data.imf.org/Datasets/CPI,2026-08-31T14:35:13.815354Z,none
2015-11-30,gha_inflation,africa,GHA,GHS,Ghana inflation,17.5761411,percent,monthly,IMF_CPI,Consumer Price Index (CPI),https://api.imf.org/external/sdmx/3.0/data/dataflow/IMF.STA/CPI/latest/,https://data.imf.org/Datasets/CPI,2026-08-31T14:35:13.815354Z,none
2015-12-31,gha_inflation,africa,GHA,GHS,Ghana inflation,17.69164921,percent,monthly,IMF_CPI,Consumer Price Index (CPI),https://api.imf.org/external/sdmx/3.0/data/dataflow/IMF.STA/CPI/latest/,https://data.imf.org/Datasets/CPI,2026-08-31T14:35:13.815354Z,none
2016-01-31,gha_inflation,africa,GHA,GHS,Ghana inflation,18.99212531,percent,monthly,IMF_CPI,Consumer Price Index (CPI),https://api.imf.org/external/sdmx/3.0/data/dataflow/IMF.STA/CPI/latest/,https://data.imf.org/Datasets/CPI,2026-08-31T14:35:13.815354Z,none
2016-02-29,gha_inflation,africa,GHA,GHS,Ghana inflation,18.46859243,percent,monthly,IMF_CPI,Consumer Price Index (CPI),https://api.imf.org/external/sdmx/3.0/data/dataflow/IMF.STA/CPI/latest/,https://data.imf.org/Datasets/CPI,2026-08-31T14:35:13.815354Z,none
2016-03-31,gha_inflation,africa,GHA,GHS,Ghana inflation,19.21826091,percent,monthly,IMF_CPI,Consumer Price Index (CPI),https://api.imf.org/external/sdmx/3.0/data/dataflow/IMF.STA/CPI/latest/,https://data.imf.org/Datasets/CPI,2026-08-31T14:35:13.815354Z,none
2016-04-30,gha_inflation,africa,GHA,GHS,Ghana inflation,18.70746308,percent,monthly,IMF_CPI,Consumer Price Index (CPI),https://api.imf.org/external/sdmx/3.0/data/dataflow/IMF.STA/CPI/latest/,https://data.imf.org/Datasets/CPI,2026-08-31T14:35:13.815354Z,none
2016-05-31,gha_inflation,africa,GHA,GHS,Ghana inflation,18.88653241,percent,monthly,IMF_CPI,Consumer Price Index (CPI),https://api.imf.org/external/sdmx/3.0/data/dataflow/IMF.STA/CPI/latest/,https://data.imf.org/Datasets/CPI,2026-08-31T14:35:13.815354Z,none
2016-06-30,gha_inflation,africa,GHA,GHS,Ghana inflation,18.3688496,percent,monthly,IMF_CPI,Consumer Price Index (CPI),https://api.imf.org/external/sdmx/3.0/data/dataflow/IMF.STA/CPI/latest/,https://data.imf.org/Datasets/CPI,2026-08-31T14:35:13.815354Z,none
2016-07-31,gha_inflation,africa,GHA,GHS,Ghana inflation,16.71713203,percent,monthly,IMF_CPI,Consumer Price Index (CPI),https://api.imf.org/external/sdmx/3.0/data/dataflow/IMF.STA/CPI/latest/,https://data.imf.org/Datasets/CPI,2026-08-31T14:35:13.815354Z,none
2016-08-31,gha_inflation,africa,GHA,GHS,Ghana inflation,16.86004159,percent,monthly,IMF_CPI,Consumer Price Index (CPI),https://api.imf.org/external/sdmx/3.0/data/dataflow/IMF.STA/CPI/latest/,https://data.imf.org/Datasets/CPI,2026-08-31T14:35:13.815354Z,none
2016-09-30,gha_inflation,africa,GHA,GHS,Ghana inflation,17.21409067,percent,monthly,IMF_CPI,Consumer Price Index (CPI),https://api.imf.org/external/sdmx/3.0/data/dataflow/IMF.STA/CPI/latest/,https://data.imf.org/Datasets/CPI,2026-08-31T14:35:13.815354Z,none
2016-10-31,gha_inflation,africa,GHA,GHS,Ghana inflation,15.76514436,percent,monthly,IMF_CPI,Consumer Price Index (CPI),https://api.imf.org/external/sdmx/3.0/data/dataflow/IMF.STA/CPI/latest/,https://data.imf.org/Datasets/CPI,2026-08-31T14:35:13.815354Z,none
2016-11-30,gha_inflation,africa,GHA,GHS,Ghana inflation,15.52018371,percent,monthly,IMF_CPI,Consumer Price Index (CPI),https://api.imf.org/external/sdmx/3.0/data/dataflow/IMF.STA/CPI/latest/,https://data.imf.org/Datasets/CPI,2026-08-31T14:35:13.815354Z,none
2016-12-31,gha_inflation,africa,GHA,GHS,Ghana inflation,15.36193853,percent,monthly,IMF_CPI,Consumer Price Index (CPI),https://api.imf.org/external/sdmx/3.0/data/dataflow/IMF.STA/CPI/latest/,https://data.imf.org/Datasets/CPI,2026-08-31T14:35:13.815354Z,none
2017-01-31,gha_inflation,africa,GHA,GHS,Ghana inflation,13.34817059,percent,monthly,IMF_CPI,Consumer Price Index (CPI),https://api.imf.org/external/sdmx/3.0/data/dataflow/IMF.STA/CPI/latest/,https://data.imf.org/Datasets/CPI,2026-08-31T14:35:13.815354Z,none
2017-02-28,gha_inflation,africa,GHA,GHS,Ghana inflation,13.24226607,percent,monthly,IMF_CPI,Consumer Price Index (CPI),https://api.imf.org/external/sdmx/3.0/data/dataflow/IMF.STA/CPI/latest/,https://data.imf.org/Datasets/CPI,2026-08-31T14:35:13.815354Z,none
2017-03-31,gha_inflation,africa,GHA,GHS,Ghana inflation,12.77582793,percent,monthly,IMF_CPI,Consumer Price Index (CPI),https://api.imf.org/external/sdmx/3.0/data/dataflow/IMF.STA/CPI/latest/,https://data.imf.org/Datasets/CPI,2026-08-31T14:35:13.815354Z,none
2017-04-30,gha_inflation,africa,GHA,GHS,Ghana inflation,13.03968678,percent,monthly,IMF_CPI,Consumer Price Index (CPI),https://api.imf.org/external/sdmx/3.0/data/dataflow/IMF.STA/CPI/latest/,https://data.imf.org/Datasets/CPI,2026-08-31T14:35:13.815354Z,none
2017-05-31,gha_inflation,africa,GHA,GHS,Ghana inflation,12.57741204,percent,monthly,IMF_CPI,Consumer Price Index (CPI),https://api.imf.org/external/sdmx/3.0/data/dataflow/IMF.STA/CPI/latest/,https://data.imf.org/Datasets/CPI,2026-08-31T14:35:13.815354Z,none
2017-06-30,gha_inflation,africa,GHA,GHS,Ghana inflation,12.1017284,percent,monthly,IMF_CPI,Consumer Price Index (CPI),https://api.imf.org/external/sdmx/3.0/data/dataflow/IMF.STA/CPI/latest/,https://data.imf.org/Datasets/CPI,2026-08-31T14:35:13.815354Z,none
2017-07-31,gha_inflation,africa,GHA,GHS,Ghana inflation,11.85508638,percent,monthly,IMF_CPI,Consumer Price Index (CPI),https://api.imf.org/external/sdmx/3.0/data/dataflow/IMF.STA/CPI/latest/,https://data.imf.org/Datasets/CPI,2026-08-31T14:35:13.815354Z,none
2017-08-31,gha_inflation,africa,GHA,GHS,Ghana inflation,12.33854473,percent,monthly,IMF_CPI,Consumer Price Index (CPI),https://api.imf.org/external/sdmx/3.0/data/dataflow/IMF.STA/CPI/latest/,https://data.imf.org/Datasets/CPI,2026-08-31T14:35:13.815354Z,none
2017-09-30,gha_inflation,africa,GHA,GHS,Ghana inflation,12.17253121,percent,monthly,IMF_CPI,Consumer Price Index (CPI),https://api.imf.org/external/sdmx/3.0/data/dataflow/IMF.STA/CPI/latest/,https://data.imf.org/Datasets/CPI,2026-08-31T14:35:13.815354Z,none
2017-10-31,gha_inflation,africa,GHA,GHS,Ghana inflation,11.64316504,percent,monthly,IMF_CPI,Consumer Price Index (CPI),https://api.imf.org/external/sdmx/3.0/data/dataflow/IMF.STA/CPI/latest/,https://data.imf.org/Datasets/CPI,2026-08-31T14:35:13.815354Z,none
2017-11-30,gha_inflation,africa,GHA,GHS,Ghana inflation,11.74252125,percent,monthly,IMF_CPI,Consumer Price Index (CPI),https://api.imf.org/external/sdmx/3.0/data/dataflow/IMF.STA/CPI/latest/,https://data.imf.org/Datasets/CPI,2026-08-31T14:35:13.815354Z,none
2017-12-31,gha_inflation,africa,GHA,GHS,Ghana inflation,11.82125821,percent,monthly,IMF_CPI,Consumer Price Index (CPI),https://api.imf.org/external/sdmx/3.0/data/dataflow/IMF.STA/CPI/latest/,https://data.imf.org/Datasets/CPI,2026-08-31T14:35:13.815354Z,none
2018-01-31,gha_inflation,africa,GHA,GHS,Ghana inflation,10.34959496,percent,monthly,IMF_CPI,Consumer Price Index (CPI),https://api.imf.org/external/sdmx/3.0/data/dataflow/IMF.STA/CPI/latest/,https://data.imf.org/Datasets/CPI,2026-08-31T14:35:13.815354Z,none
2018-02-28,gha_inflation,africa,GHA,GHS,Ghana inflation,9.90698216,percent,monthly,IMF_CPI,Consumer Price Index (CPI),https://api.imf.org/external/sdmx/3.0/data/dataflow/IMF.STA/CPI/latest/,https://data.imf.org/Datasets/CPI,2026-08-31T14:35:13.815354Z,none
2018-03-31,gha_inflation,africa,GHA,GHS,Ghana inflation,8.96018308,percent,monthly,IMF_CPI,Consumer Price Index (CPI),https://api.imf.org/external/sdmx/3.0/data/dataflow/IMF.STA/CPI/latest/,https://data.imf.org/Datasets/CPI,2026-08-31T14:35:13.815354Z,none
2018-04-30,gha_inflation,africa,GHA,GHS,Ghana inflation,7.95550089,percent,monthly,IMF_CPI,Consumer Price Index (CPI),https://api.imf.org/external/sdmx/3.0/data/dataflow/IMF.STA/CPI/latest/,https://data.imf.org/Datasets/CPI,2026-08-31T14:35:13.815354Z,none
2018-05-31,gha_inflation,africa,GHA,GHS,Ghana inflation,7.7750872,percent,monthly,IMF_CPI,Consumer Price Index (CPI),https://api.imf.org/external/sdmx/3.0/data/dataflow/IMF.STA/CPI/latest/,https://data.imf.org/Datasets/CPI,2026-08-31T14:35:13.815354Z,none
2018-06-30,gha_inflation,africa,GHA,GHS,Ghana inflation,7.48481444,percent,monthly,IMF_CPI,Consumer Price Index (CPI),https://api.imf.org/external/sdmx/3.0/data/dataflow/IMF.STA/CPI/latest/,https://data.imf.org/Datasets/CPI,2026-08-31T14:35:13.815354Z,none
2018-07-31,gha_inflation,africa,GHA,GHS,Ghana inflation,7.17737892,percent,monthly,IMF_CPI,Consumer Price Index (CPI),https://api.imf.org/external/sdmx/3.0/data/dataflow/IMF.STA/CPI/latest/,https://data.imf.org/Datasets/CPI,2026-08-31T14:35:13.815354Z,none
2018-08-31,gha_inflation,africa,GHA,GHS,Ghana inflation,7.62957454,percent,monthly,IMF_CPI,Consumer Price Index (CPI),https://api.imf.org/external/sdmx/3.0/data/dataflow/IMF.STA/CPI/latest/,https://data.imf.org/Datasets/CPI,2026-08-31T14:35:13.815354Z,none
2018-09-30,gha_inflation,africa,GHA,GHS,Ghana inflation,7.72199018,percent,monthly,IMF_CPI,Consumer Price Index (CPI),https://api.imf.org/external/sdmx/3.0/data/dataflow/IMF.STA/CPI/latest/,https://data.imf.org/Datasets/CPI,2026-08-31T14:35:13.815354Z,none
2018-10-31,gha_inflation,africa,GHA,GHS,Ghana inflation,7.01109042,percent,monthly,IMF_CPI,Consumer Price Index (CPI),https://api.imf.org/external/sdmx/3.0/data/dataflow/IMF.STA/CPI/latest/,https://data.imf.org/Datasets/CPI,2026-08-31T14:35:13.815354Z,none
2018-11-30,gha_inflation,africa,GHA,GHS,Ghana inflation,6.31359654,percent,monthly,IMF_CPI,Consumer Price Index (CPI),https://api.imf.org/external/sdmx/3.0/data/dataflow/IMF.STA/CPI/latest/,https://data.imf.org/Datasets/CPI,2026-08-31T14:35:13.815354Z,none
2018-12-31,gha_inflation,africa,GHA,GHS,Ghana inflation,5.79654431,percent,monthly,IMF_CPI,Consumer Price Index (CPI),https://api.imf.org/external/sdmx/3.0/data/dataflow/IMF.STA/CPI/latest/,https://data.imf.org/Datasets/CPI,2026-08-31T14:35:13.815354Z,none
2019-01-31,gha_inflation,africa,GHA,GHS,Ghana inflation,5.87945762,percent,monthly,IMF_CPI,Consumer Price Index (CPI),https://api.imf.org/external/sdmx/3.0/data/dataflow/IMF.STA/CPI/latest/,https://data.imf.org/Datasets/CPI,2026-08-31T14:35:13.815354Z,none
2019-02-28,gha_inflation,africa,GHA,GHS,Ghana inflation,6.09361196,percent,monthly,IMF_CPI,Consumer Price Index (CPI),https://api.imf.org/external/sdmx/3.0/data/dataflow/IMF.STA/CPI/latest/,https://data.imf.org/Datasets/CPI,2026-08-31T14:35:13.815354Z,none
2019-03-31,gha_inflation,africa,GHA,GHS,Ghana inflation,6.52901763,percent,monthly,IMF_CPI,Consumer Price Index (CPI),https://api.imf.org/external/sdmx/3.0/data/dataflow/IMF.STA/CPI/latest/,https://data.imf.org/Datasets/CPI,2026-08-31T14:35:13.815354Z,none
2019-04-30,gha_inflation,africa,GHA,GHS,Ghana inflation,6.45586223,percent,monthly,IMF_CPI,Consumer Price Index (CPI),https://api.imf.org/external/sdmx/3.0/data/dataflow/IMF.STA/CPI/latest/,https://data.imf.org/Datasets/CPI,2026-08-31T14:35:13.815354Z,none
2019-05-31,gha_inflation,africa,GHA,GHS,Ghana inflation,7.01810637,percent,monthly,IMF_CPI,Consumer Price Index (CPI),https://api.imf.org/external/sdmx/3.0/data/dataflow/IMF.STA/CPI/latest/,https://data.imf.org/Datasets/CPI,2026-08-31T14:35:13.815354Z,none
2019-06-30,gha_inflation,africa,GHA,GHS,Ghana inflation,7.50212355,percent,monthly,IMF_CPI,Consumer Price Index (CPI),https://api.imf.org/external/sdmx/3.0/data/dataflow/IMF.STA/CPI/latest/,https://data.imf.org/Datasets/CPI,2026-08-31T14:35:13.815354Z,none
2019-07-31,gha_inflation,africa,GHA,GHS,Ghana inflation,7.49036502,percent,monthly,IMF_CPI,Consumer Price Index (CPI),https://api.imf.org/external/sdmx/3.0/data/dataflow/IMF.STA/CPI/latest/,https://data.imf.org/Datasets/CPI,2026-08-31T14:35:13.815354Z,none
2019-08-31,gha_inflation,africa,GHA,GHS,Ghana inflation,7.69513603,percent,monthly,IMF_CPI,Consumer Price Index (CPI),https://api.imf.org/external/sdmx/3.0/data/dataflow/IMF.STA/CPI/latest/,https://data.imf.org/Datasets/CPI,2026-08-31T14:35:13.815354Z,none
2019-09-30,gha_inflation,africa,GHA,GHS,Ghana inflation,7.54388971,percent,monthly,IMF_CPI,Consumer Price Index (CPI),https://api.imf.org/external/sdmx/3.0/data/dataflow/IMF.STA/CPI/latest/,https://data.imf.org/Datasets/CPI,2026-08-31T14:35:13.815354Z,none
2019-10-31,gha_inflation,africa,GHA,GHS,Ghana inflation,7.61636964,percent,monthly,IMF_CPI,Consumer Price Index (CPI),https://api.imf.org/external/sdmx/3.0/data/dataflow/IMF.STA/CPI/latest/,https://data.imf.org/Datasets/CPI,2026-08-31T14:35:13.815354Z,none
2019-11-30,gha_inflation,africa,GHA,GHS,Ghana inflation,8.03225148,percent,monthly,IMF_CPI,Consumer Price Index (CPI),https://api.imf.org/external/sdmx/3.0/data/dataflow/IMF.STA/CPI/latest/,https://data.imf.org/Datasets/CPI,2026-08-31T14:35:13.815354Z,none
2019-12-31,gha_inflation,africa,GHA,GHS,Ghana inflation,7.75914567,percent,monthly,IMF_CPI,Consumer Price Index (CPI),https://api.imf.org/external/sdmx/3.0/data/dataflow/IMF.STA/CPI/latest/,https://data.imf.org/Datasets/CPI,2026-08-31T14:35:13.815354Z,none
2020-01-31,gha_inflation,africa,GHA,GHS,Ghana inflation,7.72679665,percent,monthly,IMF_CPI,Consumer Price Index (CPI),https://api.imf.org/external/sdmx/3.0/data/dataflow/IMF.STA/CPI/latest/,https://data.imf.org/Datasets/CPI,2026-08-31T14:35:13.815354Z,none
2020-02-29,gha_inflation,africa,GHA,GHS,Ghana inflation,7.70399337,percent,monthly,IMF_CPI,Consumer Price Index (CPI),https://api.imf.org/external/sdmx/3.0/data/dataflow/IMF.STA/CPI/latest/,https://data.imf.org/Datasets/CPI,2026-08-31T14:35:13.815354Z,none
2020-03-31,gha_inflation,africa,GHA,GHS,Ghana inflation,7.72130638,percent,monthly,IMF_CPI,Consumer Price Index (CPI),https://api.imf.org/external/sdmx/3.0/data/dataflow/IMF.STA/CPI/latest/,https://data.imf.org/Datasets/CPI,2026-08-31T14:35:13.815354Z,none
2020-04-30,gha_inflation,africa,GHA,GHS,Ghana inflation,10.51993864,percent,monthly,IMF_CPI,Consumer Price Index (CPI),https://api.imf.org/external/sdmx/3.0/data/dataflow/IMF.STA/CPI/latest/,https://data.imf.org/Datasets/CPI,2026-08-31T14:35:13.815354Z,none
2020-05-31,gha_inflation,africa,GHA,GHS,Ghana inflation,11.20398666,percent,monthly,IMF_CPI,Consumer Price Index (CPI),https://api.imf.org/external/sdmx/3.0/data/dataflow/IMF.STA/CPI/latest/,https://data.imf.org/Datasets/CPI,2026-08-31T14:35:13.815354Z,none
2020-06-30,gha_inflation,africa,GHA,GHS,Ghana inflation,11.10170743,percent,monthly,IMF_CPI,Consumer Price Index (CPI),https://api.imf.org/external/sdmx/3.0/data/dataflow/IMF.STA/CPI/latest/,https://data.imf.org/Datasets/CPI,2026-08-31T14:35:13.815354Z,none
2020-07-31,gha_inflation,africa,GHA,GHS,Ghana inflation,11.33464711,percent,monthly,IMF_CPI,Consumer Price Index (CPI),https://api.imf.org/external/sdmx/3.0/data/dataflow/IMF.STA/CPI/latest/,https://data.imf.org/Datasets/CPI,2026-08-31T14:35:13.815354Z,none
2020-08-31,gha_inflation,africa,GHA,GHS,Ghana inflation,10.44649312,percent,monthly,IMF_CPI,Consumer Price Index (CPI),https://api.imf.org/external/sdmx/3.0/data/dataflow/IMF.STA/CPI/latest/,https://data.imf.org/Datasets/CPI,2026-08-31T14:35:13.815354Z,none
2020-09-30,gha_inflation,africa,GHA,GHS,Ghana inflation,10.3040519,percent,monthly,IMF_CPI,Consumer Price Index (CPI),https://api.imf.org/external/sdmx/3.0/data/dataflow/IMF.STA/CPI/latest/,https://data.imf.org/Datasets/CPI,2026-08-31T14:35:13.815354Z,none
2020-10-31,gha_inflation,africa,GHA,GHS,Ghana inflation,10.13934514,percent,monthly,IMF_CPI,Consumer Price Index (CPI),https://api.imf.org/external/sdmx/3.0/data/dataflow/IMF.STA/CPI/latest/,https://data.imf.org/Datasets/CPI,2026-08-31T14:35:13.815354Z,none
2020-11-30,gha_inflation,africa,GHA,GHS,Ghana inflation,9.7538742,percent,monthly,IMF_CPI,Consumer Price Index (CPI),https://api.imf.org/external/sdmx/3.0/data/dataflow/IMF.STA/CPI/latest/,https://data.imf.org/Datasets/CPI,2026-08-31T14:35:13.815354Z,none
2020-12-31,gha_inflation,africa,GHA,GHS,Ghana inflation,10.47318896,percent,monthly,IMF_CPI,Consumer Price Index (CPI),https://api.imf.org/external/sdmx/3.0/data/dataflow/IMF.STA/CPI/latest/,https://data.imf.org/Datasets/CPI,2026-08-31T14:35:13.815354Z,none
2021-01-31,gha_inflation,africa,GHA,GHS,Ghana inflation,9.93885751,percent,monthly,IMF_CPI,Consumer Price Index (CPI),https://api.imf.org/external/sdmx/3.0/data/dataflow/IMF.STA/CPI/latest/,https://data.imf.org/Datasets/CPI,2026-08-31T14:35:13.815354Z,none
2021-02-28,gha_inflation,africa,GHA,GHS,Ghana inflation,10.28596815,percent,monthly,IMF_CPI,Consumer Price Index (CPI),https://api.imf.org/external/sdmx/3.0/data/dataflow/IMF.STA/CPI/latest/,https://data.imf.org/Datasets/CPI,2026-08-31T14:35:13.815354Z,none
2021-03-31,gha_inflation,africa,GHA,GHS,Ghana inflation,10.33105286,percent,monthly,IMF_CPI,Consumer Price Index (CPI),https://api.imf.org/external/sdmx/3.0/data/dataflow/IMF.STA/CPI/latest/,https://data.imf.org/Datasets/CPI,2026-08-31T14:35:13.815354Z,none
2021-04-30,gha_inflation,africa,GHA,GHS,Ghana inflation,8.52316307,percent,monthly,IMF_CPI,Consumer Price Index (CPI),https://api.imf.org/external/sdmx/3.0/data/dataflow/IMF.STA/CPI/latest/,https://data.imf.org/Datasets/CPI,2026-08-31T14:35:13.815354Z,none
2021-05-31,gha_inflation,africa,GHA,GHS,Ghana inflation,7.52270876,percent,monthly,IMF_CPI,Consumer Price Index (CPI),https://api.imf.org/external/sdmx/3.0/data/dataflow/IMF.STA/CPI/latest/,https://data.imf.org/Datasets/CPI,2026-08-31T14:35:13.815354Z,none
2021-06-30,gha_inflation,africa,GHA,GHS,Ghana inflation,7.81226032,percent,monthly,IMF_CPI,Consumer Price Index (CPI),https://api.imf.org/external/sdmx/3.0/data/dataflow/IMF.STA/CPI/latest/,https://data.imf.org/Datasets/CPI,2026-08-31T14:35:13.815354Z,none
2021-07-31,gha_inflation,africa,GHA,GHS,Ghana inflation,8.9626556,percent,monthly,IMF_CPI,Consumer Price Index (CPI),https://api.imf.org/external/sdmx/3.0/data/dataflow/IMF.STA/CPI/latest/,https://data.imf.org/Datasets/CPI,2026-08-31T14:35:13.815354Z,none
2021-08-31,gha_inflation,africa,GHA,GHS,Ghana inflation,9.67794457,percent,monthly,IMF_CPI,Consumer Price Index (CPI),https://api.imf.org/external/sdmx/3.0/data/dataflow/IMF.STA/CPI/latest/,https://data.imf.org/Datasets/CPI,2026-08-31T14:35:13.815354Z,none
2021-09-30,gha_inflation,africa,GHA,GHS,Ghana inflation,10.57950275,percent,monthly,IMF_CPI,Consumer Price Index (CPI),https://api.imf.org/external/sdmx/3.0/data/dataflow/IMF.STA/CPI/latest/,https://data.imf.org/Datasets/CPI,2026-08-31T14:35:13.815354Z,none
2021-10-31,gha_inflation,africa,GHA,GHS,Ghana inflation,11.03532332,percent,monthly,IMF_CPI,Consumer Price Index (CPI),https://api.imf.org/external/sdmx/3.0/data/dataflow/IMF.STA/CPI/latest/,https://data.imf.org/Datasets/CPI,2026-08-31T14:35:13.815354Z,none
2021-11-30,gha_inflation,africa,GHA,GHS,Ghana inflation,12.2923588,percent,monthly,IMF_CPI,Consumer Price Index (CPI),https://api.imf.org/external/sdmx/3.0/data/dataflow/IMF.STA/CPI/latest/,https://data.imf.org/Datasets/CPI,2026-08-31T14:35:13.815354Z,none
2021-12-31,gha_inflation,africa,GHA,GHS,Ghana inflation,12.62296579,percent,monthly,IMF_CPI,Consumer Price Index (CPI),https://api.imf.org/external/sdmx/3.0/data/dataflow/IMF.STA/CPI/latest/,https://data.imf.org/Datasets/CPI,2026-08-31T14:35:13.815354Z,none
2022-01-31,gha_inflation,africa,GHA,GHS,Ghana inflation,13.89568052,percent,monthly,IMF_CPI,Consumer Price Index (CPI),https://api.imf.org/external/sdmx/3.0/data/dataflow/IMF.STA/CPI/latest/,https://data.imf.org/Datasets/CPI,2026-08-31T14:35:13.815354Z,none
2022-02-28,gha_inflation,africa,GHA,GHS,Ghana inflation,15.73624595,percent,monthly,IMF_CPI,Consumer Price Index (CPI),https://api.imf.org/external/sdmx/3.0/data/dataflow/IMF.STA/CPI/latest/,https://data.imf.org/Datasets/CPI,2026-08-31T14:35:13.815354Z,none
2022-03-31,gha_inflation,africa,GHA,GHS,Ghana inflation,19.35834638,percent,monthly,IMF_CPI,Consumer Price Index (CPI),https://api.imf.org/external/sdmx/3.0/data/dataflow/IMF.STA/CPI/latest/,https://data.imf.org/Datasets/CPI,2026-08-31T14:35:13.815354Z,none
2022-04-30,gha_inflation,africa,GHA,GHS,Ghana inflation,23.63338721,percent,monthly,IMF_CPI,Consumer Price Index (CPI),https://api.imf.org/external/sdmx/3.0/data/dataflow/IMF.STA/CPI/latest/,https://data.imf.org/Datasets/CPI,2026-08-31T14:35:13.815354Z,none
2022-05-31,gha_inflation,africa,GHA,GHS,Ghana inflation,27.61621071,percent,monthly,IMF_CPI,Consumer Price Index (CPI),https://api.imf.org/external/sdmx/3.0/data/dataflow/IMF.STA/CPI/latest/,https://data.imf.org/Datasets/CPI,2026-08-31T14:35:13.815354Z,none
2022-06-30,gha_inflation,africa,GHA,GHS,Ghana inflation,29.81654927,percent,monthly,IMF_CPI,Consumer Price Index (CPI),https://api.imf.org/external/sdmx/3.0/data/dataflow/IMF.STA/CPI/latest/,https://data.imf.org/Datasets/CPI,2026-08-31T14:35:13.815354Z,none
2022-07-31,gha_inflation,africa,GHA,GHS,Ghana inflation,31.75932978,percent,monthly,IMF_CPI,Consumer Price Index (CPI),https://api.imf.org/external/sdmx/3.0/data/dataflow/IMF.STA/CPI/latest/,https://data.imf.org/Datasets/CPI,2026-08-31T14:35:13.815354Z,none
2022-08-31,gha_inflation,africa,GHA,GHS,Ghana inflation,33.91568553,percent,monthly,IMF_CPI,Consumer Price Index (CPI),https://api.imf.org/external/sdmx/3.0/data/dataflow/IMF.STA/CPI/latest/,https://data.imf.org/Datasets/CPI,2026-08-31T14:35:13.815354Z,none
2022-09-30,gha_inflation,africa,GHA,GHS,Ghana inflation,35.71773585,percent,monthly,IMF_CPI,Consumer Price Index (CPI),https://api.imf.org/external/sdmx/3.0/data/dataflow/IMF.STA/CPI/latest/,https://data.imf.org/Datasets/CPI,2026-08-31T14:35:13.815354Z,none
2022-10-31,gha_inflation,africa,GHA,GHS,Ghana inflation,38.54925894,percent,monthly,IMF_CPI,Consumer Price Index (CPI),https://api.imf.org/external/sdmx/3.0/data/dataflow/IMF.STA/CPI/latest/,https://data.imf.org/Datasets/CPI,2026-08-31T14:35:13.815354Z,none
2022-11-30,gha_inflation,africa,GHA,GHS,Ghana inflation,48.332573,percent,monthly,IMF_CPI,Consumer Price Index (CPI),https://api.imf.org/external/sdmx/3.0/data/dataflow/IMF.STA/CPI/latest/,https://data.imf.org/Datasets/CPI,2026-08-31T14:35:13.815354Z,none
2022-12-31,gha_inflation,africa,GHA,GHS,Ghana inflation,52.14056623,percent,monthly,IMF_CPI,Consumer Price Index (CPI),https://api.imf.org/external/sdmx/3.0/data/dataflow/IMF.STA/CPI/latest/,https://data.imf.org/Datasets/CPI,2026-08-31T14:35:13.815354Z,none
2023-01-31,gha_inflation,africa,GHA,GHS,Ghana inflation,51.55688806,percent,monthly,IMF_CPI,Consumer Price Index (CPI),https://api.imf.org/external/sdmx/3.0/data/dataflow/IMF.STA/CPI/latest/,https://data.imf.org/Datasets/CPI,2026-08-31T14:35:13.815354Z,none
2023-02-28,gha_inflation,africa,GHA,GHS,Ghana inflation,50.83231052,percent,monthly,IMF_CPI,Consumer Price Index (CPI),https://api.imf.org/external/sdmx/3.0/data/dataflow/IMF.STA/CPI/latest/,https://data.imf.org/Datasets/CPI,2026-08-31T14:35:13.815354Z,none
2023-03-31,gha_inflation,africa,GHA,GHS,Ghana inflation,43.19875075,percent,monthly,IMF_CPI,Consumer Price Index (CPI),https://api.imf.org/external/sdmx/3.0/data/dataflow/IMF.STA/CPI/latest/,https://data.imf.org/Datasets/CPI,2026-08-31T14:35:13.815354Z,none
2023-04-30,gha_inflation,africa,GHA,GHS,Ghana inflation,39.34044874,percent,monthly,IMF_CPI,Consumer Price Index (CPI),https://api.imf.org/external/sdmx/3.0/data/dataflow/IMF.STA/CPI/latest/,https://data.imf.org/Datasets/CPI,2026-08-31T14:35:13.815354Z,none
2023-05-31,gha_inflation,africa,GHA,GHS,Ghana inflation,40.39036893,percent,monthly,IMF_CPI,Consumer Price Index (CPI),https://api.imf.org/external/sdmx/3.0/data/dataflow/IMF.STA/CPI/latest/,https://data.imf.org/Datasets/CPI,2026-08-31T14:35:13.815354Z,none
2023-06-30,gha_inflation,africa,GHA,GHS,Ghana inflation,40.62713247,percent,monthly,IMF_CPI,Consumer Price Index (CPI),https://api.imf.org/external/sdmx/3.0/data/dataflow/IMF.STA/CPI/latest/,https://data.imf.org/Datasets/CPI,2026-08-31T14:35:13.815354Z,none
2023-07-31,gha_inflation,africa,GHA,GHS,Ghana inflation,41.20641512,percent,monthly,IMF_CPI,Consumer Price Index (CPI),https://api.imf.org/external/sdmx/3.0/data/dataflow/IMF.STA/CPI/latest/,https://data.imf.org/Datasets/CPI,2026-08-31T14:35:13.815354Z,none
2023-08-31,gha_inflation,africa,GHA,GHS,Ghana inflation,38.27311522,percent,monthly,IMF_CPI,Consumer Price Index (CPI),https://api.imf.org/external/sdmx/3.0/data/dataflow/IMF.STA/CPI/latest/,https://data.imf.org/Datasets/CPI,2026-08-31T14:35:13.815354Z,none
2023-09-30,gha_inflation,africa,GHA,GHS,Ghana inflation,38.0512091,percent,monthly,IMF_CPI,Consumer Price Index (CPI),https://api.imf.org/external/sdmx/3.0/data/dataflow/IMF.STA/CPI/latest/,https://data.imf.org/Datasets/CPI,2026-08-31T14:35:13.815354Z,none
2023-10-31,gha_inflation,africa,GHA,GHS,Ghana inflation,35.1800554,percent,monthly,IMF_CPI,Consumer Price Index (CPI),https://api.imf.org/external/sdmx/3.0/data/dataflow/IMF.STA/CPI/latest/,https://data.imf.org/Datasets/CPI,2026-08-31T14:35:13.815354Z,none
2023-11-30,gha_inflation,africa,GHA,GHS,Ghana inflation,26.40306122,percent,monthly,IMF_CPI,Consumer Price Index (CPI),https://api.imf.org/external/sdmx/3.0/data/dataflow/IMF.STA/CPI/latest/,https://data.imf.org/Datasets/CPI,2026-08-31T14:35:13.815354Z,none
2023-12-31,gha_inflation,africa,GHA,GHS,Ghana inflation,23.15724816,percent,monthly,IMF_CPI,Consumer Price Index (CPI),https://api.imf.org/external/sdmx/3.0/data/dataflow/IMF.STA/CPI/latest/,https://data.imf.org/Datasets/CPI,2026-08-31T14:35:13.815354Z,none
2024-01-31,gha_inflation,africa,GHA,GHS,Ghana inflation,23.49033816,percent,monthly,IMF_CPI,Consumer Price Index (CPI),https://api.imf.org/external/sdmx/3.0/data/dataflow/IMF.STA/CPI/latest/,https://data.imf.org/Datasets/CPI,2026-08-31T14:35:13.815354Z,none
2024-02-29,gha_inflation,africa,GHA,GHS,Ghana inflation,23.1772377,percent,monthly,IMF_CPI,Consumer Price Index (CPI),https://api.imf.org/external/sdmx/3.0/data/dataflow/IMF.STA/CPI/latest/,https://data.imf.org/Datasets/CPI,2026-08-31T14:35:13.815354Z,none
2024-03-31,gha_inflation,africa,GHA,GHS,Ghana inflation,25.75030012,percent,monthly,IMF_CPI,Consumer Price Index (CPI),https://api.imf.org/external/sdmx/3.0/data/dataflow/IMF.STA/CPI/latest/,https://data.imf.org/Datasets/CPI,2026-08-31T14:35:13.815354Z,none
2024-04-30,gha_inflation,africa,GHA,GHS,Ghana inflation,25.1026393,percent,monthly,IMF_CPI,Consumer Price Index (CPI),https://api.imf.org/external/sdmx/3.0/data/dataflow/IMF.STA/CPI/latest/,https://data.imf.org/Datasets/CPI,2026-08-31T14:35:13.815354Z,none
2024-05-31,gha_inflation,africa,GHA,GHS,Ghana inflation,23.11135982,percent,monthly,IMF_CPI,Consumer Price Index (CPI),https://api.imf.org/external/sdmx/3.0/data/dataflow/IMF.STA/CPI/latest/,https://data.imf.org/Datasets/CPI,2026-08-31T14:35:13.815354Z,none
2024-06-30,gha_inflation,africa,GHA,GHS,Ghana inflation,22.77657267,percent,monthly,IMF_CPI,Consumer Price Index (CPI),https://api.imf.org/external/sdmx/3.0/data/dataflow/IMF.STA/CPI/latest/,https://data.imf.org/Datasets/CPI,2026-08-31T14:35:13.815354Z,none
2024-07-31,gha_inflation,africa,GHA,GHS,Ghana inflation,20.94240838,percent,monthly,IMF_CPI,Consumer Price Index (CPI),https://api.imf.org/external/sdmx/3.0/data/dataflow/IMF.STA/CPI/latest/,https://data.imf.org/Datasets/CPI,2026-08-31T14:35:13.815354Z,none
2024-08-31,gha_inflation,africa,GHA,GHS,Ghana inflation,20.3567681,percent,monthly,IMF_CPI,Consumer Price Index (CPI),https://api.imf.org/external/sdmx/3.0/data/dataflow/IMF.STA/CPI/latest/,https://data.imf.org/Datasets/CPI,2026-08-31T14:35:13.815354Z,none
2024-09-30,gha_inflation,africa,GHA,GHS,Ghana inflation,21.48377125,percent,monthly,IMF_CPI,Consumer Price Index (CPI),https://api.imf.org/external/sdmx/3.0/data/dataflow/IMF.STA/CPI/latest/,https://data.imf.org/Datasets/CPI,2026-08-31T14:35:13.815354Z,none
2024-10-31,gha_inflation,africa,GHA,GHS,Ghana inflation,21.82377049,percent,monthly,IMF_CPI,Consumer Price Index (CPI),https://api.imf.org/external/sdmx/3.0/data/dataflow/IMF.STA/CPI/latest/,https://data.imf.org/Datasets/CPI,2026-08-31T14:35:13.815354Z,none
2024-11-30,gha_inflation,africa,GHA,GHS,Ghana inflation,23.05751766,percent,monthly,IMF_CPI,Consumer Price Index (CPI),https://api.imf.org/external/sdmx/3.0/data/dataflow/IMF.STA/CPI/latest/,https://data.imf.org/Datasets/CPI,2026-08-31T14:35:13.815354Z,none
2024-12-31,gha_inflation,africa,GHA,GHS,Ghana inflation,23.840399,percent,monthly,IMF_CPI,Consumer Price Index (CPI),https://api.imf.org/external/sdmx/3.0/data/dataflow/IMF.STA/CPI/latest/,https://data.imf.org/Datasets/CPI,2026-08-31T14:35:13.815354Z,none
2025-01-31,gha_inflation,africa,GHA,GHS,Ghana inflation,23.5207824,percent,monthly,IMF_CPI,Consumer Price Index (CPI),https://api.imf.org/external/sdmx/3.0/data/dataflow/IMF.STA/CPI/latest/,https://data.imf.org/Datasets/CPI,2026-08-31T14:35:13.815354Z,none
2025-02-28,gha_inflation,africa,GHA,GHS,Ghana inflation,23.14725698,percent,monthly,IMF_CPI,Consumer Price Index (CPI),https://api.imf.org/external/sdmx/3.0/data/dataflow/IMF.STA/CPI/latest/,https://data.imf.org/Datasets/CPI,2026-08-31T14:35:13.815354Z,none
2025-03-31,gha_inflation,africa,GHA,GHS,Ghana inflation,22.43436754,percent,monthly,IMF_CPI,Consumer Price Index (CPI),https://api.imf.org/external/sdmx/3.0/data/dataflow/IMF.STA/CPI/latest/,https://data.imf.org/Datasets/CPI,2026-08-31T14:35:13.815354Z,none
2025-04-30,gha_inflation,africa,GHA,GHS,Ghana inflation,21.23769339,percent,monthly,IMF_CPI,Consumer Price Index (CPI),https://api.imf.org/external/sdmx/3.0/data/dataflow/IMF.STA/CPI/latest/,https://data.imf.org/Datasets/CPI,2026-08-31T14:35:13.815354Z,none
2025-05-31,gha_inflation,africa,GHA,GHS,Ghana inflation,18.40909091,percent,monthly,IMF_CPI,Consumer Price Index (CPI),https://api.imf.org/external/sdmx/3.0/data/dataflow/IMF.STA/CPI/latest/,https://data.imf.org/Datasets/CPI,2026-08-31T14:35:13.815354Z,none
2025-06-30,gha_inflation,africa,GHA,GHS,Ghana inflation,13.64840989,percent,monthly,IMF_CPI,Consumer Price Index (CPI),https://api.imf.org/external/sdmx/3.0/data/dataflow/IMF.STA/CPI/latest/,https://data.imf.org/Datasets/CPI,2026-08-31T14:35:13.815354Z,none
2025-07-31,gha_inflation,africa,GHA,GHS,Ghana inflation,12.16450216,percent,monthly,IMF_CPI,Consumer Price Index (CPI),https://api.imf.org/external/sdmx/3.0/data/dataflow/IMF.STA/CPI/latest/,https://data.imf.org/Datasets/CPI,2026-08-31T14:35:13.815354Z,none
2025-08-31,gha_inflation,africa,GHA,GHS,Ghana inflation,11.4646905,percent,monthly,IMF_CPI,Consumer Price Index (CPI),https://api.imf.org/external/sdmx/3.0/data/dataflow/IMF.STA/CPI/latest/,https://data.imf.org/Datasets/CPI,2026-08-31T14:35:13.815354Z,none
2025-09-30,gha_inflation,africa,GHA,GHS,Ghana inflation,9.41475827,percent,monthly,IMF_CPI,Consumer Price Index (CPI),https://api.imf.org/external/sdmx/3.0/data/dataflow/IMF.STA/CPI/latest/,https://data.imf.org/Datasets/CPI,2026-08-31T14:35:13.815354Z,none
2025-10-31,gha_inflation,africa,GHA,GHS,Ghana inflation,8.07401177,percent,monthly,IMF_CPI,Consumer Price Index (CPI),https://api.imf.org/external/sdmx/3.0/data/dataflow/IMF.STA/CPI/latest/,https://data.imf.org/Datasets/CPI,2026-08-31T14:35:13.815354Z,none
2025-11-30,gha_inflation,africa,GHA,GHS,Ghana inflation,6.35506355,percent,monthly,IMF_CPI,Consumer Price Index (CPI),https://api.imf.org/external/sdmx/3.0/data/dataflow/IMF.STA/CPI/latest/,https://data.imf.org/Datasets/CPI,2026-08-31T14:35:13.815354Z,none
2025-12-31,gha_inflation,africa,GHA,GHS,Ghana inflation,5.40475232,percent,monthly,IMF_CPI,Consumer Price Index (CPI),https://api.imf.org/external/sdmx/3.0/data/dataflow/IMF.STA/CPI/latest/,https://data.imf.org/Datasets/CPI,2026-08-31T14:35:13.815354Z,none
2026-01-31,gha_inflation,africa,GHA,GHS,Ghana inflation,3.84006334,percent,monthly,IMF_CPI,Consumer Price Index (CPI),https://api.imf.org/external/sdmx/3.0/data/dataflow/IMF.STA/CPI/latest/,https://data.imf.org/Datasets/CPI,2026-08-31T14:35:13.815354Z,none
2026-02-28,gha_inflation,africa,GHA,GHS,Ghana inflation,3.33724111,percent,monthly,IMF_CPI,Consumer Price Index (CPI),https://api.imf.org/external/sdmx/3.0/data/dataflow/IMF.STA/CPI/latest/,https://data.imf.org/Datasets/CPI,2026-08-31T14:35:13.815354Z,none
2026-03-31,gha_inflation,africa,GHA,GHS,Ghana inflation,3.23586745,percent,monthly,IMF_CPI,Consumer Price Index (CPI),https://api.imf.org/external/sdmx/3.0/data/dataflow/IMF.STA/CPI/latest/,https://data.imf.org/Datasets/CPI,2026-08-31T14:35:13.815354Z,none
2026-04-30,gha_inflation,africa,GHA,GHS,Ghana inflation,3.36426914,percent,monthly,IMF_CPI,Consumer Price Index (CPI),https://api.imf.org/external/sdmx/3.0/data/dataflow/IMF.STA/CPI/latest/,https://data.imf.org/Datasets/CPI,2026-08-31T14:35:13.815354Z,none
2026-05-31,gha_inflation,africa,GHA,GHS,Ghana inflation,3.72360845,percent,monthly,IMF_CPI,Consumer Price Index (CPI),https://api.imf.org/external/sdmx/3.0/data/dataflow/IMF.STA/CPI/latest/,https://data.imf.org/Datasets/CPI,2026-08-31T14:35:13.815354Z,none
2026-06-30,gha_inflation,africa,GHA,GHS,Ghana inflation,5.26233968,percent,monthly,IMF_CPI,Consumer Price Index (CPI),https://api.imf.org/external/sdmx/3.0/data/dataflow/IMF.STA/CPI/latest/,https://data.imf.org/Datasets/CPI,2026-08-31T14:35:13.815354Z,none
2026-07-31,gha_inflation,africa,GHA,GHS,Ghana inflation,4.62369741,percent,monthly,IMF_CPI,Consumer Price Index (CPI),https://api.imf.org/external/sdmx/3.0/data/dataflow/IMF.STA/CPI/latest/,https://data.imf.org/Datasets/CPI,2026-08-31T14:35:13.815354Z,none
